site_id,site_code,sample_id,latitude,longitude,river_basin,catchment_subcatchment,river_name,modification_state,modification_group,river_type,reference_site,serial_date,day,month,year,date,elevation,flow[m3/s],velocity[m/s],suspended_solids[mg/l],pH,temp[°C],D.O.[mg/l],D.O.[%],BOD7[mg/L],ChDS_C[mg/L],NH4_N[mg/L],NO2_N[mg/L],NO3_N[mg/L],mineral_N[mg/L],total_N[mg/L],PO4_P[mg/L],total_P[mg/L],EC[µS/cm],alkalinity[mmol/l]
LTR1,LTR1_2009,LTR1_5.1.2009,54.03061287,23.96838870,Nemunas,Small tributaries of the Nemunas,Nemunas,N,,4,FALSE,1/5/2009,5,1,2009,5.1.2009,89.411026,98.3,0.57,12,8.2,0.1,10.7,73.238,2.9,,0.19,0.018,1.6,1.808,2.5,0.068,0.098,474,3.5
LTR1,LTR1_2009,LTR1_2.2.2009,54.03061287,23.96838870,Nemunas,Small tributaries of the Nemunas,Nemunas,N,,4,FALSE,2/2/2009,2,2,2009,2.2.2009,89.411026,211,0.6,17,8.1,0.1,10.1,69.131,3.1,,0.29,0.018,1.6,1.908,2.5,0.073,0.1,434,3.6
LTR1,LTR1_2009,LTR1_2.3.2009,54.03061287,23.96838870,Nemunas,Small tributaries of the Nemunas,Nemunas,N,,4,FALSE,3/2/2009,2,3,2009,2.3.2009,89.411026,237,0.84,16,8.1,0.1,11.1,75.975,2.7,,0.25,0.015,1.8,2.065,2.5,0.065,0.1,454,3.6
LTR1,LTR1_2009,LTR1_6.4.2009,54.03061287,23.96838870,Nemunas,Small tributaries of the Nemunas,Nemunas,N,,4,FALSE,4/6/2009,6,4,2009,6.4.2009,89.411026,363,0.99,18,8.2,8.6,9.9,84.833,3.4,,0.22,0.011,1.5,1.731,2.4,0.046,0.083,399,3.5
LTR1,LTR1_2009,LTR1_4.5.2009,54.03061287,23.96838870,Nemunas,Small tributaries of the Nemunas,Nemunas,N,,4,FALSE,5/4/2009,4,5,2009,4.5.2009,89.411026,190,0.78,24,8.2,11.2,10.6,96.804,7,,0.15,0.004,1.4,1.554,2.5,0.03,0.1,391,3.4
LTR1,LTR1_2009,LTR1_1.6.2009,54.03061287,23.96838870,Nemunas,Small tributaries of the Nemunas,Nemunas,N,,4,FALSE,6/1/2009,1,6,2009,1.6.2009,89.411026,164,0.68,21,8.3,19,9.3,100.977,7.2,,0.11,0,1.1,1.21,2.4,0.028,0.087,391,3.5
LTR1,LTR1_2009,LTR1_13.7.2009,54.03061287,23.96838870,Nemunas,Small tributaries of the Nemunas,Nemunas,N,,4,FALSE,7/13/2009,13,7,2009,13.7.2009,89.411026,242,0.83,25,8.2,16.6,8.4,86.687,4.6,,0.11,0.012,0.9,1.022,2.3,0.036,0.095,450,3.4
LTR1,LTR1_2009,LTR1_3.8.2009,54.03061287,23.96838870,Nemunas,Small tributaries of the Nemunas,Nemunas,N,,4,FALSE,8/3/2009,3,8,2009,3.8.2009,89.411026,174,0.73,25,8.4,20.5,10.9,122.06,5.4,,0.09,0.007,0.68,0.777,1.9,0.028,0.09,432,3.5
LTR1,LTR1_2009,LTR1_7.9.2009,54.03061287,23.96838870,Nemunas,Small tributaries of the Nemunas,Nemunas,N,,4,FALSE,9/7/2009,7,9,2009,7.9.2009,89.411026,123,0.64,22,8.3,17,10.1,105.099,5.8,,0.08,0.01,0.63,0.72,1.5,0.021,0.09,436,3.6
LTR1,LTR1_2009,LTR1_5.10.2009,54.03061287,23.96838870,Nemunas,Small tributaries of the Nemunas,Nemunas,N,,4,FALSE,10/5/2009,5,10,2009,5.10.2009,89.411026,116,0.61,20,8.4,9.4,9.9,86.538,3.8,,0.09,0.011,0.67,0.771,1.6,0.03,0.093,456,3.5
LTR1,LTR1_2009,LTR1_2.11.2009,54.03061287,23.96838870,Nemunas,Small tributaries of the Nemunas,Nemunas,N,,4,FALSE,11/2/2009,2,11,2009,2.11.2009,89.411026,216,0.77,18,8.1,4.7,8.9,69.046,3,,0.09,0.013,0.95,1.053,1.9,0.041,0.1,452,3.5
LTR1,LTR1_2009,LTR1_7.12.2009,54.03061287,23.96838870,Nemunas,Small tributaries of the Nemunas,Nemunas,N,,4,FALSE,12/7/2009,7,12,2009,7.12.2009,89.411026,273,0.89,20,8.2,3.6,10.2,76.807,2.7,,0.1,0.016,1.3,1.416,2.3,0.051,0.1,445,3.5
LTR1,LTR1_2010,LTR1_4.1.2010,54.03061287,23.96838870,Nemunas,Small tributaries of the Nemunas,Nemunas,N,,4,FALSE,1/4/2010,4,1,2010,4.1.2010,89.411026,198,0.78,18,8.1,0.1,10.6,72.553,2.7,,0.22,0.019,1.8,2.039,2.5,0.052,0.1,489,3.4
LTR1,LTR1_2010,LTR1_1.2.2010,54.03061287,23.96838870,Nemunas,Small tributaries of the Nemunas,Nemunas,N,,4,FALSE,2/1/2010,1,2,2010,1.2.2010,89.411026,198,0.44,13,8.2,0.1,9.1,62.286,3.3,,0.34,0.019,1.8,2.159,2.5,0.054,0.1,544,3.5
LTR1,LTR1_2010,LTR1_1.3.2010,54.03061287,23.96838870,Nemunas,Small tributaries of the Nemunas,Nemunas,N,,4,FALSE,3/1/2010,1,3,2010,1.3.2010,89.411026,178,0.47,14,8,0.5,8.5,58.824,3.6,,0.35,0.018,1.9,2.268,2.5,0.055,0.1,455,3.4
LTR1,LTR1_2010,LTR1_6.4.2010,54.03061287,23.96838870,Nemunas,Small tributaries of the Nemunas,Nemunas,N,,4,FALSE,4/6/2010,6,4,2010,6.4.2010,89.411026,692,1.16,15,8.1,9.2,9.6,83.551,4.3,,0.28,0.017,1.7,1.997,2.4,0.051,0.096,282,3.4
LTR1,LTR1_2010,LTR1_3.5.2010,54.03061287,23.96838870,Nemunas,Small tributaries of the Nemunas,Nemunas,N,,4,FALSE,5/3/2010,3,5,2010,3.5.2010,89.411026,311,0.9,17,8.3,13.3,11.8,113.135,6.4,,0.13,0.011,1.4,1.541,2.3,0.058,0.094,418,3.5
LTR1,LTR1_2010,LTR1_7.6.2010,54.03061287,23.96838870,Nemunas,Small tributaries of the Nemunas,Nemunas,N,,4,FALSE,6/7/2010,7,6,2010,7.6.2010,89.411026,204,0.86,25,8.4,20,10.3,114.191,6.9,,0.07,0.008,0.25,0.328,1.9,0.033,0.1,430,3.6
LTR1,LTR1_2010,LTR1_12.7.2010,54.03061287,23.96838870,Nemunas,Small tributaries of the Nemunas,Nemunas,N,,4,FALSE,7/12/2010,12,7,2010,12.7.2010,89.411026,181,0.75,25,8.4,24,9.6,115.246,6.8,,0.05,0.005,0.21,0.265,1.8,0.023,0.1,438,3.7
LTR1,LTR1_2010,LTR1_2.8.2010,54.03061287,23.96838870,Nemunas,Small tributaries of the Nemunas,Nemunas,N,,4,FALSE,8/2/2010,2,8,2010,2.8.2010,89.411026,166,0.72,24,8.5,23.3,9.4,111.243,6.9,,0.05,0.005,0.2,0.255,2.2,0.04,0.12,443,3.6
LTR1,LTR1_2010,LTR1_6.9.2010,54.03061287,23.96838870,Nemunas,Small tributaries of the Nemunas,Nemunas,N,,4,FALSE,9/6/2010,6,9,2010,6.9.2010,89.411026,254,0.85,17,8.3,13.7,9.3,90.029,4.2,,0.05,0.006,0.3,0.356,2.3,0.034,0.13,458,3.7
LTR1,LTR1_2010,LTR1_4.10.2010,54.03061287,23.96838870,Nemunas,Small tributaries of the Nemunas,Nemunas,N,,4,FALSE,10/4/2010,4,10,2010,4.10.2010,89.411026,201,0.79,16,8.3,10,9.9,87.844,3.4,,0.12,0.008,0.57,0.698,2.4,0.042,0.13,487,3.6
LTR1,LTR1_2010,LTR1_8.11.2010,54.03061287,23.96838870,Nemunas,Small tributaries of the Nemunas,Nemunas,N,,4,FALSE,11/8/2010,8,11,2010,8.11.2010,89.411026,229,0.82,12,8.2,6.4,8.5,68.938,3.4,,0.17,0.011,0.89,1.071,2.5,0.043,0.13,471,3.9
LTR1,LTR1_2010,LTR1_6.12.2010,54.03061287,23.96838870,Nemunas,Small tributaries of the Nemunas,Nemunas,N,,4,FALSE,12/6/2010,6,12,2010,6.12.2010,89.411026,144,0.65,10,8.2,0.1,12.6,86.242,3.3,,0.19,0.014,0.98,1.184,2.6,0.05,0.13,497,3.9
LTR1,LTR1_2011,LTR1_3.1.2011,54.03061287,23.96838870,Nemunas,Small tributaries of the Nemunas,Nemunas,N,,4,FALSE,1/3/2011,3,1,2011,3.1.2011,89.411026,218,0.8,10,8.2,0.1,10.8,73.922,2.8,23.3,0.2,0.019,1.9,2.119,2.7,0.052,0.13,470,3.7
LTR1,LTR1_2011,LTR1_7.2.2011,54.03061287,23.96838870,Nemunas,Small tributaries of the Nemunas,Nemunas,N,,4,FALSE,2/7/2011,7,2,2011,7.2.2011,89.411026,273,0.82,15,8.1,0.6,10.5,72.866,2.9,26,0.19,0.018,1.8,2.008,2.8,0.051,0.13,455,3.8
LTR1,LTR1_2011,LTR1_7.3.2011,54.03061287,23.96838870,Nemunas,Small tributaries of the Nemunas,Nemunas,N,,4,FALSE,3/7/2011,7,3,2011,7.3.2011,89.411026,237,0.47,13,7.8,0.1,9.4,64.339,2.9,27,0.18,0.017,1.8,1.997,2.8,0.049,0.13,499,3.7
LTR1,LTR1_2011,LTR1_4.4.2011,54.03061287,23.96838870,Nemunas,Small tributaries of the Nemunas,Nemunas,N,,4,FALSE,4/4/2011,4,4,2011,4.4.2011,89.411026,399,1,14,7.9,5.7,11.4,90.764,3,28,0.17,0.016,1.5,1.686,2.7,0.047,0.13,388,3.8
LTR1,LTR1_2011,LTR1_2.5.2011,54.03061287,23.96838870,Nemunas,Small tributaries of the Nemunas,Nemunas,N,,4,FALSE,5/2/2011,2,5,2011,2.5.2011,89.411026,248,1.01,14,8.5,14.1,12.9,125.977,5.9,34,0.15,0.014,0.46,0.624,2.6,0.036,0.12,424,3.5
LTR1,LTR1_2011,LTR1_6.6.2011,54.03061287,23.96838870,Nemunas,Small tributaries of the Nemunas,Nemunas,N,,4,FALSE,6/6/2011,6,6,2011,6.6.2011,89.411026,158,0.75,25,8.4,22.4,9,104.651,6,36,0.07,0.008,0.31,0.388,1.8,0.032,0.12,409,3.3
LTR1,LTR1_2011,LTR1_11.7.2011,54.03061287,23.96838870,Nemunas,Small tributaries of the Nemunas,Nemunas,N,,4,FALSE,7/11/2011,11,7,2011,11.7.2011,89.411026,200,0.74,16,8.5,22.7,10.4,121.637,6.6,37,0.03,0.006,0.3,0.336,1.5,0.022,0.095,429,3.5
LTR1,LTR1_2011,LTR1_1.8.2011,54.03061287,23.96838870,Nemunas,Small tributaries of the Nemunas,Nemunas,N,,4,FALSE,8/1/2011,1,8,2011,1.8.2011,89.411026,211,0.82,19,8.1,22.3,7.2,83.527,4.4,33,0.1,0.008,0.24,0.348,1.6,0.024,0.099,439,3.5
LTR1,LTR1_2011,LTR1_5.9.2011,54.03061287,23.96838870,Nemunas,Small tributaries of the Nemunas,Nemunas,N,,4,FALSE,9/5/2011,5,9,2011,5.9.2011,89.411026,131,0.65,17,8.4,16.7,9.6,99.276,4.4,31,0.13,0.008,0.39,0.528,1.9,0.029,0.1,420,3.5
LTR1,LTR1_2011,LTR1_3.10.2011,54.03061287,23.96838870,Nemunas,Small tributaries of the Nemunas,Nemunas,N,,4,FALSE,10/3/2011,3,10,2011,3.10.2011,89.411026,121,0.63,11,8.3,13.8,11.1,107.662,3.9,29,0.14,0.01,0.51,0.66,2,0.035,0.11,465,3.8
LTR1,LTR1_2011,LTR1_7.11.2011,54.03061287,23.96838870,Nemunas,Small tributaries of the Nemunas,Nemunas,N,,4,FALSE,11/7/2011,7,11,2011,7.11.2011,89.411026,145,0.68,14,8.3,4.3,12.5,95.932,2.8,26,0.15,0.014,1.3,1.464,2.1,0.046,0.12,493,3.7
LTR1,LTR1_2011,LTR1_5.12.2011,54.03061287,23.96838870,Nemunas,Small tributaries of the Nemunas,Nemunas,N,,4,FALSE,12/5/2011,5,12,2011,5.12.2011,89.411026,146,0.75,13,8.3,3.6,12.1,91.114,2.8,24,0.17,0.014,1.5,1.684,2.2,0.048,0.12,487,3.8
LTR1,LTR1_2012,LTR1_2.1.2012,54.03061287,23.96838870,Nemunas,Small tributaries of the Nemunas,Nemunas,N,,4,FALSE,1/2/2012,2,1,2012,2.1.2012,89.411026,197,0.83,12,8.3,1.5,12.6,,2.8,24,0.19,0.014,1.4,1.604,2.4,0.05,0.12,490,3.9
LTR1,LTR1_2012,LTR1_6.2.2012,54.03061287,23.96838870,Nemunas,Small tributaries of the Nemunas,Nemunas,N,,4,FALSE,2/6/2012,6,2,2012,6.2.2012,89.411026,115,0.36,19,8.2,0.1,11,,2.2,25,0.2,0.015,1.9,2.115,2.5,0.053,0.13,502,4
LTR1,LTR1_2012,LTR1_5.3.2012,54.03061287,23.96838870,Nemunas,Small tributaries of the Nemunas,Nemunas,N,,4,FALSE,3/5/2012,5,3,2012,5.3.2012,89.411026,242,0.68,13,8,0.1,10.2,,2.7,27,0.2,0.013,1.5,1.713,2.4,0.049,0.12,447,4
LTR1,LTR1_2012,LTR1_2.4.2012,54.03061287,23.96838870,Nemunas,Small tributaries of the Nemunas,Nemunas,N,,4,FALSE,4/2/2012,2,4,2012,2.4.2012,89.411026,321,0.91,18,8.1,4,12.1,,2.8,28,0.18,0.013,1.2,1.51,2.3,0.047,0.11,400,4
LTR1,LTR1_2012,LTR1_7.5.2012,54.03061287,23.96838870,Nemunas,Small tributaries of the Nemunas,Nemunas,N,,4,FALSE,5/7/2012,7,5,2012,7.5.2012,89.411026,245,0.86,21,8.4,17.7,9.9,,6.9,35,0.13,0.011,0.98,1.121,2.1,0.04,0.1,441,3.9
LTR1,LTR1_2012,LTR1_4.6.2012,54.03061287,23.96838870,Nemunas,Small tributaries of the Nemunas,Nemunas,N,,4,FALSE,6/4/2012,4,6,2012,4.6.2012,89.411026,147,0.7,22,8.5,14.1,11.2,,6,33,0.09,0.01,0.83,0.93,1.7,0.038,0.1,412,3.9
LTR1,LTR1_2012,LTR1_2.7.2012,54.03061287,23.96838870,Nemunas,Small tributaries of the Nemunas,Nemunas,N,,4,FALSE,7/2/2012,2,7,2012,2.7.2012,89.411026,146,0.7,36,8.3,22.5,9.6,,7.2,39,0.03,0.006,0.56,0.596,1.9,0.032,0.1,389,3.8
LTR1,LTR1_2012,LTR1_6.8.2012,54.03061287,23.96838870,Nemunas,Small tributaries of the Nemunas,Nemunas,N,,4,FALSE,8/6/2012,6,8,2012,6.8.2012,89.411026,80,0.64,20,8,23.8,6.7,,5.8,34,0.15,0.024,0.22,0.394,1.4,0.022,0.13,432,3.5
LTR1,LTR1_2012,LTR1_3.9.2012,54.03061287,23.96838870,Nemunas,Small tributaries of the Nemunas,Nemunas,N,,4,FALSE,9/3/2012,3,9,2012,3.9.2012,89.411026,116,0.62,18,8,18,7.8,,4.5,33,0.17,0.026,0.29,0.486,1.5,0.039,0.11,443,3.4
LTR1,LTR1_2012,LTR1_1.10.2012,54.03061287,23.96838870,Nemunas,Small tributaries of the Nemunas,Nemunas,N,,4,FALSE,10/1/2012,1,10,2012,1.10.2012,89.411026,109,0.66,15,8.3,12.9,9.8,,3,29,0.17,0.02,0.415,0.605,1.6,0.041,0.11,465,3.4
LTR1,LTR1_2012,LTR1_5.11.2012,54.03061287,23.96838870,Nemunas,Small tributaries of the Nemunas,Nemunas,N,,4,FALSE,11/5/2012,5,11,2012,5.11.2012,89.411026,161,0.71,15,8.2,4.7,11.5,,2.8,28,0.18,0.017,0.42,0.617,1.7,0.044,0.11,472,3.5
LTR1,LTR1_2012,LTR1_3.12.2012,54.03061287,23.96838870,Nemunas,Small tributaries of the Nemunas,Nemunas,N,,4,FALSE,12/3/2012,3,12,2012,3.12.2012,89.411026,200,0.83,19,8.2,3.8,11.7,,2.7,27,0.18,0.019,1.4,1.599,1.9,0.046,0.12,482,3.5
LTR1,LTR1_2013,LTR1_7.1.2013,54.03061287,23.96838870,Nemunas,Small tributaries of the Nemunas,Nemunas,N,,4,FALSE,1/7/2013,7,1,2013,7.1.2013,89.411026,224,0.74,9,8,0.1,10.4,71.184,2.9,28,0.2,0.018,1.7,1.918,1.9,0.046,0.12,496,3.5
LTR1,LTR1_2013,LTR1_4.2.2013,54.03061287,23.96838870,Nemunas,Small tributaries of the Nemunas,Nemunas,N,,4,FALSE,2/4/2013,4,2,2013,4.2.2013,89.411026,248,0.46,10,7.8,0.1,9.4,64.339,2.7,25,0.19,0.017,1.7,1.907,1.9,0.055,0.11,541,3.9
LTR1,LTR1_2013,LTR1_4.3.2013,54.03061287,23.96838870,Nemunas,Small tributaries of the Nemunas,Nemunas,N,,4,FALSE,3/4/2013,4,3,2013,4.3.2013,89.411026,267,0.87,12,8,0.1,12,82.136,2.2,23,0.17,0.013,1.6,1.783,1.8,0.057,0.099,470,3.7
LTR1,LTR1_2013,LTR1_8.4.2013,54.03061287,23.96838870,Nemunas,Small tributaries of the Nemunas,Nemunas,N,,4,FALSE,4/8/2013,8,4,2013,8.4.2013,89.411026,251,251,10,8,1.5,12.5,88.968,2.5,25,0.2,0.012,1.5,1.712,1.9,0.053,0.095,459,3.6
LTR1,LTR1_2013,LTR1_6.5.2013,54.03061287,23.96838870,Nemunas,Small tributaries of the Nemunas,Nemunas,N,,4,FALSE,5/6/2013,6,5,2013,6.5.2013,89.411026,554,1.14,16,7.9,14.6,9.3,91.897,2.7,27,0.07,0.004,0.91,0.984,1.8,0.042,0.085,355,3.6
LTR1,LTR1_2013,LTR1_3.6.2013,54.03061287,23.96838870,Nemunas,Small tributaries of the Nemunas,Nemunas,N,,4,FALSE,6/3/2013,3,6,2013,3.6.2013,89.411026,325,0.94,19,8,19.7,7.5,82.599,3.5,30,0.06,0.013,0.49,0.563,1.1,0.049,0.086,422,3.5
LTR1,LTR1_2013,LTR1_1.7.2013,54.03061287,23.96838870,Nemunas,Small tributaries of the Nemunas,Nemunas,N,,4,FALSE,7/1/2013,1,7,2013,1.7.2013,89.411026,207,0.82,15,8.1,20.8,7.7,86.712,4.3,39,0.08,0.018,0.4,0.498,1.4,0.041,0.082,439,3.6
LTR1,LTR1_2013,LTR1_5.8.2013,54.03061287,23.96838870,Nemunas,Small tributaries of the Nemunas,Nemunas,N,,4,FALSE,8/5/2013,5,8,2013,5.8.2013,89.411026,160,0.72,16,8.3,21.8,8.3,95.402,4.2,40,0.05,0.016,0.68,0.746,1,0.04,0.081,425,3.6
LTR1,LTR1_2013,LTR1_2.9.2013,54.03061287,23.96838870,Nemunas,Small tributaries of the Nemunas,Nemunas,N,,4,FALSE,9/2/2013,2,9,2013,2.9.2013,89.411026,112,,15,8.5,17.1,11.3,117.954,4.5,40,0.06,0.004,0.05,0.114,0.9,0.038,0.079,424,3.6
LTR1,LTR1_2013,LTR1_7.10.2013,54.03061287,23.96838870,Nemunas,Small tributaries of the Nemunas,Nemunas,N,,4,FALSE,10/7/2013,7,10,2013,7.10.2013,89.411026,176,0.76,14,7.7,9.3,8.1,70.619,3.7,37,0.08,0.019,0.89,0.989,1.4,0.04,0.086,450,3.6
LTR1,LTR1_2013,LTR1_4.11.2013,54.03061287,23.96838870,Nemunas,Small tributaries of the Nemunas,Nemunas,N,,4,FALSE,11/4/2013,4,11,2013,4.11.2013,89.411026,167,0.71,10,8.2,8.4,10.2,87.031,2.2,30,0.1,0.021,1.1,1.221,1.6,0.048,0.093,474,3.6
LTR1,LTR1_2013,LTR1_2.12.2013,54.03061287,23.96838870,Nemunas,Small tributaries of the Nemunas,Nemunas,N,,4,FALSE,12/2/2013,2,12,2013,2.12.2013,89.411026,220,0.79,13,8.3,2.3,12.1,88,2,30,0.14,0.022,1.4,1.562,1.7,0.05,0.12,468,3.5
LTR1,LTR1_2014,LTR1_6.1.2014,54.03061287,23.96838870,Nemunas,Small tributaries of the Nemunas,Nemunas,N,,4,FALSE,1/6/2014,6,1,2014,6.1.2014,89.411026,239,0.83,13,8.3,3,12.2,90.437,2.2,31,0.21,0.026,1.6,,2.2,0.047,0.14,474,3.4
LTR1,LTR1_2014,LTR1_3.2.2014,54.03061287,23.96838870,Nemunas,Small tributaries of the Nemunas,Nemunas,N,,4,FALSE,2/3/2014,3,2,2014,3.2.2014,89.411026,218,0.47,14,7.8,0.1,10.1,69.131,2,30,0.29,0.024,2.1,,2.6,0.049,0.098,559,3.7
LTR1,LTR1_2014,LTR1_3.3.2014,54.03061287,23.96838870,Nemunas,Small tributaries of the Nemunas,Nemunas,N,,4,FALSE,3/3/2014,3,3,2014,3.3.2014,89.411026,314,0.9,11,8,0.5,12,83.045,2,29,0.25,0.021,1.7,,2.2,0.028,0.097,435,3.6
LTR1,LTR1_2014,LTR1_7.4.2014,54.03061287,23.96838870,Nemunas,Small tributaries of the Nemunas,Nemunas,N,,4,FALSE,4/7/2014,7,4,2014,7.4.2014,89.411026,201,0.77,20,8.5,7.8,13.6,114.286,5.2,35,0.15,0.018,0.62,,1.6,0.045,0.12,449,3.2
LTR1,LTR1_2014,LTR1_5.5.2014,54.03061287,23.96838870,Nemunas,Small tributaries of the Nemunas,Nemunas,N,,4,FALSE,5/5/2014,5,5,2014,5.5.2014,89.411026,155,0.71,23,8.7,13.1,11.7,111.641,5.9,43,0.09,0.01,0.35,,0.9,0.038,0.12,419,3.5
LTR1,LTR1_2014,LTR1_2.6.2014,54.03061287,23.96838870,Nemunas,Small tributaries of the Nemunas,Nemunas,N,,4,FALSE,6/2/2014,2,6,2014,2.6.2014,89.411026,191,0.76,17,8,17.3,7,73.375,5.3,41,0.14,0.009,0.3,,1.2,0.04,0.14,432,3.6
LTR1,LTR1_2014,LTR1_7.7.2014,54.03061287,23.96838870,Nemunas,Small tributaries of the Nemunas,Nemunas,N,,4,FALSE,7/7/2014,7,7,2014,7.7.2014,89.411026,136,0.66,12,8.3,21.7,9.7,111.239,5.1,42,0.04,0.012,0.19,,0.8,0.03,0.11,438,3.6
LTR1,LTR1_2014,LTR1_4.8.2014,54.03061287,23.96838870,Nemunas,Small tributaries of the Nemunas,Nemunas,N,,4,FALSE,8/4/2014,4,8,2014,4.8.2014,89.411026,104,0.63,10,8,24.7,7.5,91.241,3.1,29,0.05,0.014,0.26,,0.7,0.034,0.14,438,3.7
LTR1,LTR1_2014,LTR1_1.9.2014,54.03061287,23.96838870,Nemunas,Small tributaries of the Nemunas,Nemunas,N,,4,FALSE,9/1/2014,1,9,2014,1.9.2014,89.411026,143,0.74,10,8.4,15.6,10.9,110.101,4.3,35,0.05,0.011,0.17,,0.8,0.031,0.13,433,3.6
LTR1,LTR1_2014,LTR1_6.10.2014,54.03061287,23.96838870,Nemunas,Small tributaries of the Nemunas,Nemunas,N,,4,FALSE,10/6/2014,6,10,2014,6.10.2014,89.411026,130,0.65,13,8.3,11.1,10.4,94.718,4.1,30,0.06,0.012,0.49,,1,0.028,0.1,437,3.5
LTR1,LTR1_2014,LTR1_3.11.2014,54.03061287,23.96838870,Nemunas,Small tributaries of the Nemunas,Nemunas,N,,4,FALSE,11/3/2014,3,11,2014,3.11.2014,89.411026,129,0.65,9,8.2,3.7,12,90.634,2.5,26,0.12,0.014,0.96,,1.3,0.028,0.1,456,3.5
LTR1,LTR1_2014,LTR1_1.12.2014,54.03061287,23.96838870,Nemunas,Small tributaries of the Nemunas,Nemunas,N,,4,FALSE,12/1/2014,1,12,2014,1.12.2014,89.411026,109,0.61,8,8.3,0,12.9,88.055,1.8,25,0.19,0.016,1.3,,1.5,0.032,0.12,456,3.4
LTR1,LTR1_2015,LTR1_5.1.2015,54.03061287,23.96838870,Nemunas,Small tributaries of the Nemunas,Nemunas,N,,4,FALSE,1/5/2015,5,1,2015,5.1.2015,89.411026,129,0.64,7,8.2,0.4,12.8,88.337,1.9,23,0.24,0.014,1.7,,2,0.043,0.094,466,3.5
LTR1,LTR1_2015,LTR1_2.2.2015,54.03061287,23.96838870,Nemunas,Small tributaries of the Nemunas,Nemunas,N,,4,FALSE,2/2/2015,2,2,2015,2.2.2015,89.411026,253,0.87,8,8.1,0.1,12.1,82.82,2,24,0.24,0.014,1.6,1.854,1.9,0.03,0.093,447,3.2
LTR1,LTR1_2015,LTR1_2.3.2015,54.03061287,23.96838870,Nemunas,Small tributaries of the Nemunas,Nemunas,N,,4,FALSE,3/2/2015,2,3,2015,2.3.2015,89.411026,223,0.83,9,8.2,3.1,11.9,88.41,2.1,25,0.21,0.016,1.6,1.826,1.9,0.03,0.096,456,3.5
LTR1,LTR1_2015,LTR1_7.4.2015,54.03061287,23.96838870,Nemunas,Small tributaries of the Nemunas,Nemunas,N,,4,FALSE,4/7/2015,7,4,2015,7.4.2015,89.411026,224,0.83,10,8.6,5.7,13.5,107.484,4.8,32,0.16,0.016,0.92,1.096,1.8,0.023,0.089,429,3.4
LTR1,LTR1_2015,LTR1_4.5.2015,54.03061287,23.96838870,Nemunas,Small tributaries of the Nemunas,Nemunas,N,,4,FALSE,5/4/2015,4,5,2015,4.5.2015,89.411026,172,0.77,20,8.6,13.1,12.3,117.366,5.8,36,0.05,0.006,0.1,0.16,1.4,0.012,0.13,379,3.5
LTR1,LTR1_2015,LTR1_1.6.2015,54.03061287,23.96838870,Nemunas,Small tributaries of the Nemunas,Nemunas,N,,4,FALSE,6/1/2015,1,6,2015,1.6.2015,89.411026,211,0.82,18,8.2,17.6,9.3,98.101,5.1,33,0.03,0.006,0.06,0.096,1.1,0.012,0.12,395,3.4
LTR1,LTR1_2015,LTR1_7.7.2015,54.03061287,23.96838870,Nemunas,Small tributaries of the Nemunas,Nemunas,N,,4,FALSE,7/7/2015,7,7,2015,7.7.2015,89.411026,93.1,0.62,22,8.1,22.5,8,93.24,5.2,34,0.04,0.012,0.11,0.162,1.3,0.078,0.16,408,3.3
LTR1,LTR1_2015,LTR1_3.8.2015,54.03061287,23.96838870,Nemunas,Small tributaries of the Nemunas,Nemunas,N,,4,FALSE,8/3/2015,3,8,2015,3.8.2015,89.411026,84.9,0.58,15,8,20.5,7.8,87.346,3.3,24,0.08,0.01,0.32,0.41,0.9,0.098,0.17,407,3.6
LTR1,LTR1_2015,LTR1_7.9.2015,54.03061287,23.96838870,Nemunas,Small tributaries of the Nemunas,Nemunas,N,,4,FALSE,9/7/2015,7,9,2015,7.9.2015,89.411026,61.7,0.45,18,8,17.8,7.3,77.331,3.2,24,0.14,0.023,0.39,0.553,1.1,0.1,0.17,459,3.4
LTR1,LTR1_2015,LTR1_5.10.2015,54.03061287,23.96838870,Nemunas,Small tributaries of the Nemunas,Nemunas,N,,4,FALSE,10/5/2015,5,10,2015,5.10.2015,89.411026,106,0.62,25,8.2,13.5,11.6,111.753,2.9,23,0.04,0.018,0.1,0.158,0.9,0.01,0.2,447,3.5
LTR1,LTR1_2015,LTR1_2.11.2015,54.03061287,23.96838870,Nemunas,Small tributaries of the Nemunas,Nemunas,N,,4,FALSE,11/2/2015,2,11,2015,2.11.2015,89.411026,113,0.61,16,8.6,6.3,12.3,99.515,3,25,0.08,0.017,0.54,0.637,1.3,0.01,0.13,470,3.6
LTR1,LTR1_2015,LTR1_1.12.2015,54.03061287,23.96838870,Nemunas,Small tributaries of the Nemunas,Nemunas,N,,4,FALSE,12/1/2015,1,12,2015,1.12.2015,89.411026,174,0.8,6.5,8.2,2.3,11.9,86.545,2.3,20,0.23,0.017,1.3,1.547,2,0.04,0.092,471,3.5
LTR1,LTR1_2016,LTR1_4.1.2016,54.03061287,23.96838870,Nemunas,Small tributaries of the Nemunas,Nemunas,N,,4,FALSE,1/4/2016,4,1,2016,4.1.2016,89.411026,148,0.72,10,8.1,0.1,13.5,92.402,2.3,25,0.25,0.018,1.8,2.068,2.1,0.074,0.092,513,3.4
LTR1,LTR1_2016,LTR1_1.2.2016,54.03061287,23.96838870,Nemunas,Small tributaries of the Nemunas,Nemunas,N,,4,FALSE,2/1/2016,1,2,2016,1.2.2016,89.411026,247,0.86,11,7.8,0.5,9.9,68.512,3.3,26,0.35,0.015,1.5,1.865,2.2,0.035,0.12,478,3.8
LTR1,LTR1_2016,LTR1_7.3.2016,54.03061287,23.96838870,Nemunas,Small tributaries of the Nemunas,Nemunas,N,,4,FALSE,3/7/2016,7,3,2016,7.3.2016,89.411026,303,0.92,8,8.1,2.1,12.2,88.278,2.4,24,0.16,0.017,2.8,2.977,3,0.023,0.1,430,3.7
LTR1,LTR1_2016,LTR1_4.4.2016,54.03061287,23.96838870,Nemunas,Small tributaries of the Nemunas,Nemunas,N,,4,FALSE,4/4/2016,4,4,2016,4.4.2016,89.411026,270,0.88,11,8.4,7.2,12,99.338,2.9,27,0.06,0.017,1.6,1.677,2.4,0.027,0.096,465,3.8
LTR1,LTR1_2016,LTR1_2.5.2016,54.03061287,23.96838870,Nemunas,Small tributaries of the Nemunas,Nemunas,N,,4,FALSE,5/2/2016,2,5,2016,2.5.2016,89.411026,260,0.87,14,8.6,11,12.6,114.545,5.5,34,0.04,0.014,0.72,0.774,1.6,0.015,0.091,449,3.8
LTR1,LTR1_2016,LTR1_6.6.2016,54.03061287,23.96838870,Nemunas,Small tributaries of the Nemunas,Nemunas,N,,4,FALSE,6/6/2016,6,6,2016,6.6.2016,89.411026,133,0.71,9.5,7.9,20.5,9.5,106.383,5.9,45,0.13,0.054,0.21,0.394,1.3,0.03,0.12,435,3.6
LTR1,LTR1_2016,LTR1_4.7.2016,54.03061287,23.96838870,Nemunas,Small tributaries of the Nemunas,Nemunas,N,,4,FALSE,7/4/2016,4,7,2016,4.7.2016,89.411026,84.5,0.53,9.5,7.9,22.1,6,69.364,4.8,65,0.11,0.038,0.26,0.408,0.9,0.032,0.14,422,3
LTR1,LTR1_2016,LTR1_1.8.2016,54.03061287,23.96838870,Nemunas,Small tributaries of the Nemunas,Nemunas,N,,4,FALSE,8/1/2016,1,8,2016,1.8.2016,89.411026,136,0.68,11,8.2,23.5,8.3,98.575,4.6,36,0.06,0.037,0.32,0.417,1,0.047,0.11,438,3.7
LTR1,LTR1_2016,LTR1_5.9.2016,54.03061287,23.96838870,Nemunas,Small tributaries of the Nemunas,Nemunas,N,,4,FALSE,9/5/2016,5,9,2016,5.9.2016,89.411026,104,0.6,11,8.1,18.3,7.8,83.512,4.7,19,0.2,0.049,0.24,0.489,1,0.065,0.11,429,3.9
LTR1,LTR1_2016,LTR1_3.10.2016,54.03061287,23.96838870,Nemunas,Small tributaries of the Nemunas,Nemunas,N,,4,FALSE,10/3/2016,3,10,2016,3.10.2016,89.411026,95.7,0.57,10,8.6,14.1,11.9,116.211,4.4,33,0.1,0.034,0.27,0.404,1.1,0.054,0.12,463,3.5
LTR1,LTR1_2016,LTR1_7.11.2016,54.03061287,23.96838870,Nemunas,Small tributaries of the Nemunas,Nemunas,N,,4,FALSE,11/7/2016,7,11,2016,7.11.2016,89.411026,286,0.9,7,8.1,4.3,11.2,85.955,4.2,30,0.12,0.027,1.5,1.647,1.9,0.025,0.073,466,3.6
LTR1,LTR1_2016,LTR1_5.12.2016,54.03061287,23.96838870,Nemunas,Small tributaries of the Nemunas,Nemunas,N,,4,FALSE,12/5/2016,5,12,2016,5.12.2016,89.411026,235,0.82,2.5,8.2,0.1,13.6,93.087,3.1,33,0.13,0.02,1.4,1.55,2.3,0.031,0.11,481,3.5
LTR1,LTR1_2017,LTR1_2.1.2017,54.03061287,23.96838870,Nemunas,Small tributaries of the Nemunas,Nemunas,N,,4,FALSE,1/2/2017,2,1,2017,2.1.2017,89.411026,345,0.95,2,8,0.9,12.6,88.174,2.2,35,0.3,0.017,2.1,2.417,3.1,0.032,0.12,468,3.7
LTR1,LTR1_2017,LTR1_6.2.2017,54.03061287,23.96838870,Nemunas,Small tributaries of the Nemunas,Nemunas,N,,4,FALSE,2/6/2017,6,2,2017,6.2.2017,89.411026,242,0.88,2.5,7.7,0,9.2,62.799,2.9,27,0.27,0.017,1.7,1.987,2.8,0.025,0.069,511,4
LTR1,LTR1_2017,LTR1_6.3.2017,54.03061287,23.96838870,Nemunas,Small tributaries of the Nemunas,Nemunas,N,,4,FALSE,3/6/2017,6,3,2017,6.3.2017,89.411026,510,1.14,9.5,7.9,1.5,12.2,86.833,3.1,32,0.17,0.023,2.1,2.293,3,0.033,0.11,386,3.8
LTR1,LTR1_2017,LTR1_3.4.2017,54.03061287,23.96838870,Nemunas,Small tributaries of the Nemunas,Nemunas,N,,4,FALSE,4/3/2017,3,4,2017,3.4.2017,89.411026,389,0.86,9.5,8.1,10.1,10.7,95.196,2.6,30,0.05,0.016,1.4,1.466,1.9,0.028,0.097,416,3.7
LTR1,LTR1_2017,LTR1_8.5.2017,54.03061287,23.96838870,Nemunas,Small tributaries of the Nemunas,Nemunas,N,,4,FALSE,5/8/2017,8,5,2017,8.5.2017,89.411026,332,0.81,9.5,8.5,12.8,12.1,114.692,3.9,33,0.05,0.016,1,1.066,1.8,0.025,0.087,427,3.5
LTR1,LTR1_2017,LTR1_5.6.2017,54.03061287,23.96838870,Nemunas,Small tributaries of the Nemunas,Nemunas,N,,4,FALSE,6/5/2017,5,6,2017,5.6.2017,89.411026,169,0.71,21,8,18,6.7,71.277,3.5,30,0.2,0.017,0.27,0.487,1,0.037,0.087,435,3.5
LTR1,LTR1_2017,LTR1_3.7.2017,54.03061287,23.96838870,Nemunas,Small tributaries of the Nemunas,Nemunas,N,,4,FALSE,7/3/2017,3,7,2017,3.7.2017,89.411026,144,0.7,18,8.1,19.3,7.7,84.153,3.6,29,0.16,0.031,0.29,0.481,1.2,0.04,0.1,417,3.9
LTR1,LTR1_2017,LTR1_7.8.2017,54.03061287,23.96838870,Nemunas,Small tributaries of the Nemunas,Nemunas,N,,4,FALSE,8/7/2017,7,8,2017,7.8.2017,89.411026,167,0.7,9.5,8,22.3,8.2,95.128,3.2,32,0.08,0.028,0.31,0.418,0.9,0.078,0.097,445,3.3
LTR1,LTR1_2017,LTR1_4.9.2017,54.03061287,23.96838870,Nemunas,Small tributaries of the Nemunas,Nemunas,N,,4,FALSE,9/4/2017,4,9,2017,4.9.2017,89.411026,143,0.68,10,8.1,17.6,7.7,81.224,3.6,40,0.1,0.02,0.35,0.47,1,0.056,0.1,470,3.8
LTR1,LTR1_2017,LTR1_2.10.2017,54.03061287,23.96838870,Nemunas,Small tributaries of the Nemunas,Nemunas,N,,4,FALSE,10/2/2017,2,10,2017,2.10.2017,89.411026,202,0.99,9,8.1,12.1,9.7,90.485,4.1,39,0.09,0.02,0.68,0.79,1,0.058,0.11,478,3.6
LTR1,LTR1_2017,LTR1_6.11.2017,54.03061287,23.96838870,Nemunas,Small tributaries of the Nemunas,Nemunas,N,,4,FALSE,11/6/2017,6,11,2017,6.11.2017,89.411026,396,0.96,12,8,6.5,10.1,82.114,2.6,39,0.09,0.019,1,1.109,1.2,0.054,0.11,477,4
LTR1,LTR1_2017,LTR1_4.12.2017,54.03061287,23.96838870,Nemunas,Small tributaries of the Nemunas,Nemunas,N,,4,FALSE,12/4/2017,4,12,2017,4.12.2017,89.411026,320,0.94,6,8.1,1.9,11.7,84.173,2.5,31,0.13,0.022,1.3,1.452,1.7,0.038,0.094,484,4.1
LTR1,LTR1_2018,LTR1_8.1.2018,54.03061287,23.96838870,Nemunas,Small tributaries of the Nemunas,Nemunas,N,,4,FALSE,1/8/2018,8,1,2018,8.1.2018,89.411026,399,1.02,10,8.1,1.9,10.8,77.698,3.2,38,0.24,0.015,1.4,1.655,2.4,0.053,0.096,460,4.1
LTR1,LTR1_2018,LTR1_5.2.2018,54.03061287,23.96838870,Nemunas,Small tributaries of the Nemunas,Nemunas,N,,4,FALSE,2/5/2018,5,2,2018,5.2.2018,89.411026,444,1.06,8,7.8,0.1,11.1,75.975,4.9,34,0.23,0.021,1.4,1.651,2.2,0.036,0.082,482,2
LTR1,LTR1_2018,LTR1_5.3.2018,54.03061287,23.96838870,Nemunas,Small tributaries of the Nemunas,Nemunas,N,,4,FALSE,3/5/2018,5,3,2018,5.3.2018,89.411026,218,0.83,9,8,0,11.6,79.181,2.2,32,0.22,0.018,1.5,1.738,2.3,0.033,0.079,528,2.5
LTR1,LTR1_2018,LTR1_9.4.2018,54.03061287,23.96838870,Nemunas,Small tributaries of the Nemunas,Nemunas,N,,4,FALSE,4/9/2018,9,4,2018,9.4.2018,89.411026,438,1.07,12,8.1,9.1,10.9,94.618,3.4,35,0.05,0.016,1.1,1.166,1.9,0.034,0.082,404,3.5
LTR1,LTR1_2018,LTR1_7.5.2018,54.03061287,23.96838870,Nemunas,Small tributaries of the Nemunas,Nemunas,N,,4,FALSE,5/7/2018,7,5,2018,7.5.2018,89.411026,253,0.85,10,8.6,17.3,10.9,114.256,3.6,36,0.05,0.01,0.9,0.96,1.8,0.045,0.096,432,3.2
LTR1,LTR1_2018,LTR1_5.6.2018,54.03061287,23.96838870,Nemunas,Small tributaries of the Nemunas,Nemunas,N,,4,FALSE,6/5/2018,5,6,2018,5.6.2018,89.411026,108,0.66,7,7.9,21.6,6.8,77.803,3.7,38,0.13,0.01,0.38,0.52,1.3,0.049,0.1,420,4.1
LTR1,LTR1_2018,LTR1_2.7.2018,54.03061287,23.96838870,Nemunas,Small tributaries of the Nemunas,Nemunas,N,,4,FALSE,7/2/2018,2,7,2018,2.7.2018,89.411026,93,0.57,9,8.1,16.5,7.6,78.27,3.8,35,0.18,0.029,0.39,0.599,1.6,0.042,0.12,406,2.8
LTR1,LTR1_2018,LTR1_6.8.2018,54.03061287,23.96838870,Nemunas,Small tributaries of the Nemunas,Nemunas,N,,4,FALSE,8/6/2018,6,8,2018,6.8.2018,89.411026,113,0.66,10,8.1,24.6,7.6,92.233,3.6,32,0.05,0.017,0.72,0.787,1.1,0.045,0.13,462,3
LTR1,LTR1_2018,LTR1_3.9.2018,54.03061287,23.96838870,Nemunas,Small tributaries of the Nemunas,Nemunas,N,,4,FALSE,9/3/2018,3,9,2018,3.9.2018,89.411026,101,0.56,10,8,19.9,7.8,86.283,3.4,31,0.1,0.016,0.36,0.476,1.3,0.041,0.12,412,3.1
LTR1,LTR1_2018,LTR1_1.10.2018,54.03061287,23.96838870,Nemunas,Small tributaries of the Nemunas,Nemunas,N,,4,FALSE,10/1/2018,1,10,2018,1.10.2018,89.411026,122,0.59,11,8.3,10.8,11.1,100.362,4.7,45,0.1,0.012,0.35,0.462,1.6,0.036,0.1,445,3.3
LTR1,LTR1_2018,LTR1_5.11.2018,54.03061287,23.96838870,Nemunas,Small tributaries of the Nemunas,Nemunas,N,,4,FALSE,11/5/2018,5,11,2018,5.11.2018,89.411026,165,0.74,11,8.3,9,11.2,96.97,3.9,32,0.16,0.015,0.88,1.055,1.4,0.038,0.099,492,3.3
LTR1,LTR1_2018,LTR1_12.11.2018,54.03061287,23.96838870,Nemunas,Small tributaries of the Nemunas,Nemunas,N,,4,FALSE,11/12/2018,12,11,2018,12.11.2018,89.411026,160,0.74,,,,,,,,,,,,,,,,
LTR1,LTR1_2018,LTR1_3.12.2018,54.03061287,23.96838870,Nemunas,Small tributaries of the Nemunas,Nemunas,N,,4,FALSE,12/3/2018,3,12,2018,3.12.2018,89.411026,101,0.56,10,8.2,0,13.5,,3.1,31,0.15,0.021,1.3,1.471,1.5,0.036,0.092,525,3.1
LTR1,LTR1_2019,LTR1_7.1.2019,54.03061287,23.96838870,Nemunas,Small tributaries of the Nemunas,Nemunas,N,,4,FALSE,1/7/2019,7,1,2019,7.1.2019,89.411026,235,0.89,10,8.3,0.1,12.9,88.296,3.1,37,0.21,0.016,1.5,1.726,2,0.033,0.079,523,3.4
LTR1,LTR1_2019,LTR1_5.2.2019,54.03061287,23.96838870,Nemunas,Small tributaries of the Nemunas,Nemunas,N,,4,FALSE,2/5/2019,5,2,2019,5.2.2019,89.411026,222,0.89,10,8,0.1,11.2,76.66,3.1,41,0.2,0.017,1.6,1.817,1.9,0.038,0.085,539,3.1
LTR1,LTR1_2019,LTR1_4.3.2019,54.03061287,23.96838870,Nemunas,Small tributaries of the Nemunas,Nemunas,N,,4,FALSE,3/4/2019,4,3,2019,4.3.2019,89.411026,241,0.9,10,8.3,1.8,12.8,91.822,3,36,0.11,0.008,1.4,1.518,1.6,0.034,0.094,490,2.7
LTR1,LTR1_2019,LTR1_2.4.2019,54.03061287,23.96838870,Nemunas,Small tributaries of the Nemunas,Nemunas,N,,4,FALSE,4/2/2019,2,4,2019,2.4.2019,89.411026,246,0.86,8,8.4,6.8,12.6,103.194,3,27,0.09,0.013,1.2,1.303,1.5,0.034,0.084,451,3
LTR1,LTR1_2019,LTR1_6.5.2019,54.03061287,23.96838870,Nemunas,Small tributaries of the Nemunas,Nemunas,N,,4,FALSE,5/6/2019,6,5,2019,6.5.2019,89.411026,137,0.64,14,8.4,12.9,10.7,101.711,3.4,26,0.09,0.016,1.1,1.206,1.9,0.038,0.096,415,2.5
LTR1,LTR1_2019,LTR1_11.6.2019,54.03061287,23.96838870,Nemunas,Small tributaries of the Nemunas,Nemunas,N,,4,FALSE,6/11/2019,11,6,2019,11.6.2019,89.411026,124,0.63,6.5,7.9,24.2,7.2,86.747,4,32,0.12,0.015,1,1.135,1.6,0.04,0.068,425,2.1
LTR1,LTR1_2019,LTR1_9.7.2019,54.03061287,23.96838870,Nemunas,Small tributaries of the Nemunas,Nemunas,N,,4,FALSE,7/9/2019,9,7,2019,9.7.2019,89.411026,78.5,0.44,6,8.3,19.1,9.9,107.726,3.3,32,0.1,0.024,1.3,1.424,1.5,0.043,0.1,407,2.3
LTR1,LTR1_2019,LTR1_5.8.2019,54.03061287,23.96838870,Nemunas,Small tributaries of the Nemunas,Nemunas,N,,4,FALSE,8/5/2019,5,8,2019,5.8.2019,89.411026,72.8,0.42,10,8.1,21.1,8.8,99.773,2.9,29,0.08,0.036,1.2,1.316,1.4,0.036,0.096,414,2.8
LTR1,LTR1_2019,LTR1_2.9.2019,54.03061287,23.96838870,Nemunas,Small tributaries of the Nemunas,Nemunas,N,,4,FALSE,9/2/2019,2,9,2019,2.9.2019,89.411026,89.5,0.46,11,8,21.7,6.9,79.128,3,28,0.08,0.044,1.3,1.424,1.7,0.049,0.1,424,2.1
LTR1,LTR1_2019,LTR1_7.10.2019,54.03061287,23.96838870,Nemunas,Small tributaries of the Nemunas,Nemunas,N,,4,FALSE,10/7/2019,7,10,2019,7.10.2019,89.411026,117,0.62,9.5,8.5,10.3,11.4,101.877,2.9,32,0.06,0.021,1.2,1.281,1.6,0.033,0.092,445,2.9
LTR1,LTR1_2019,LTR1_13.11.2019,54.03061287,23.96838870,Nemunas,Small tributaries of the Nemunas,Nemunas,N,,4,FALSE,11/13/2019,13,11,2019,13.11.2019,89.411026,141,0.62,7,8.1,8.3,10.6,90.213,3,29,0.18,0.03,0.92,1.13,1.2,0.034,0.087,483,2.6
LTR1,LTR1_2019,LTR1_4.12.2019,54.03061287,23.96838870,Nemunas,Small tributaries of the Nemunas,Nemunas,N,,4,FALSE,12/4/2019,4,12,2019,4.12.2019,89.411026,135,0.61,8.5,8.2,1.6,13,92.725,3.5,27,0.19,0.027,1.2,1.417,1.8,0.031,0.086,499,3.7
LTR1,LTR1_2020,LTR1_6.1.2020,54.03061287,23.96838870,Nemunas,Small tributaries of the Nemunas,Nemunas,N,,4,FALSE,1/6/2020,6,1,2020,6.1.2020,89.411026,178,0.77,13,8.2,0.7,13.6,94.642,3.2,27,0.19,0.016,1.4,1.606,2.3,0.038,0.086,487,3
LTR1,LTR1_2020,LTR1_3.2.2020,54.03061287,23.96838870,Nemunas,Small tributaries of the Nemunas,Nemunas,N,,4,FALSE,2/3/2020,3,2,2020,3.2.2020,89.411026,189,0.78,5,8.1,3.1,12.7,94.354,3.5,32,0.22,0.015,1.1,1.335,1.3,0.054,0.1,474,3
LTR1,LTR1_2020,LTR1_2.3.2020,54.03061287,23.96838870,Nemunas,Small tributaries of the Nemunas,Nemunas,N,,4,FALSE,3/2/2020,2,3,2020,2.3.2020,89.411026,186,0.78,8,8.5,3.7,13.2,99.698,3.5,29,0.09,0.02,1.1,1.21,1.3,0.058,0.1,456,3.3
LTR1,LTR1_2020,LTR1_6.4.2020,54.03061287,23.96838870,Nemunas,Small tributaries of the Nemunas,Nemunas,N,,4,FALSE,4/6/2020,6,4,2020,6.4.2020,89.411026,165,0.72,7.5,8.9,5.9,15.5,124.099,3.6,30,0.1,0.018,0.98,1.098,1.2,0.049,0.096,460,2.5
LTR1,LTR1_2020,LTR1_4.5.2020,54.03061287,23.96838870,Nemunas,Small tributaries of the Nemunas,Nemunas,N,,4,FALSE,5/4/2020,4,5,2020,4.5.2020,89.411026,140,0.63,7.5,8.6,13.4,12.1,116.346,5.6,31,0.08,0.015,0.94,1.035,1.2,0.045,0.097,394,2.3
LTR1,LTR1_2020,LTR1_1.6.2020,54.03061287,23.96838870,Nemunas,Small tributaries of the Nemunas,Nemunas,N,,4,FALSE,6/1/2020,1,6,2020,1.6.2020,89.411026,133,0.62,13,7.8,16.6,7.7,79.463,4.2,29,0.08,0.006,0.94,1.026,1.4,0.047,0.099,398,3.3
LTR1,LTR1_2020,LTR1_13.7.2020,54.03061287,23.96838870,Nemunas,Small tributaries of the Nemunas,Nemunas,N,,4,FALSE,7/13/2020,13,7,2020,13.7.2020,89.411026,90.9,0.53,7,8,20.2,7.6,84.633,4.7,31,0.1,0.008,0.87,0.978,1.4,0.054,0.11,426,2.9
LTR1,LTR1_2020,LTR1_3.8.2020,54.03061287,23.96838870,Nemunas,Small tributaries of the Nemunas,Nemunas,N,,4,FALSE,8/3/2020,3,8,2020,3.8.2020,89.411026,72.5,0.46,7.5,7.8,21.2,7.9,89.671,4.1,30,0.11,0.016,0.92,1.046,1.3,0.053,0.11,429,2.9
LTR1,LTR1_2020,LTR1_7.9.2020,54.03061287,23.96838870,Nemunas,Small tributaries of the Nemunas,Nemunas,N,,4,FALSE,9/7/2020,7,9,2020,7.9.2020,89.411026,80.6,0.54,4,7.8,17.4,6.8,71.429,3.5,29,0.07,0.002,1,1.072,1.5,0.053,0.12,417,3
LTR1,LTR1_2020,LTR1_5.10.2020,54.03061287,23.96838870,Nemunas,Small tributaries of the Nemunas,Nemunas,N,,4,FALSE,10/5/2020,5,10,2020,5.10.2020,89.411026,79.1,0.54,12,8.1,15.1,7.9,78.921,2.9,30,0.11,0.003,0.42,0.533,0.7,0.047,0.096,457,3.3
LTR1,LTR1_2020,LTR1_9.11.2020,54.03061287,23.96838870,Nemunas,Small tributaries of the Nemunas,Nemunas,N,,4,FALSE,11/9/2020,9,11,2020,9.11.2020,89.411026,103,0.62,7,8.1,8.8,10.1,86.994,3.8,31,0.14,0.04,1.2,1.38,1.5,0.058,0.11,483,3
LTR1,LTR1_2020,LTR1_7.12.2020,54.03061287,23.96838870,Nemunas,Small tributaries of the Nemunas,Nemunas,N,,4,FALSE,12/7/2020,7,12,2020,7.12.2020,89.411026,114,0.64,2,8.1,1.1,12.5,87.966,4.3,30,0.25,0.025,1.3,1.575,2,0.054,0.097,492,3
LTR1,LTR1_2021,LTR1_4.1.2021,54.03061287,23.96838870,Nemunas,Small tributaries of the Nemunas,Nemunas,N,,4,FALSE,1/4/2021,4,1,2021,4.1.2021,89.411026,148,0.74,6,8.2,1.7,14.6,104.435,4,28,0.35,0.02,1.1,1.47,1.6,0.033,0.078,495,3
LTR1,LTR1_2021,LTR1_1.2.2021,54.03061287,23.96838870,Nemunas,Small tributaries of the Nemunas,Nemunas,N,,4,FALSE,2/1/2021,1,2,2021,1.2.2021,89.411026,152,0.76,5.5,7.8,0,10.8,73.72,4,30,0.387,0.021,1.9,2.308,2.7,0.049,0.086,540,2.8
LTR1,LTR1_2021,LTR1_1.3.2021,54.03061287,23.96838870,Nemunas,Small tributaries of the Nemunas,Nemunas,N,,4,FALSE,3/1/2021,1,3,2021,1.3.2021,89.411026,195,0.82,6,7.6,0.1,7.9,54.073,2.3,29,0.45,0.019,2.1,2.569,3,0.049,0.09,531,2.8
LTR1,LTR1_2021,LTR1_12.4.2021,54.03061287,23.96838870,Nemunas,Small tributaries of the Nemunas,Nemunas,N,,4,FALSE,4/12/2021,12,4,2021,12.4.2021,89.411026,196,0.79,10,8.5,8.3,13,110.638,4.5,27,0.1,0.023,1.7,1.823,2.4,0.016,0.09,458,2.9
LTR1,LTR1_2021,LTR1_3.5.2021,54.03061287,23.96838870,Nemunas,Small tributaries of the Nemunas,Nemunas,N,,4,FALSE,5/3/2021,3,5,2021,3.5.2021,89.411026,175,0.79,24,8.6,9.5,13.4,117.441,4.9,33,0.05,0.027,1.3,1.377,1.8,0.025,0.095,432,2.8
LTR1,LTR1_2021,LTR1_7.6.2021,54.03061287,23.96838870,Nemunas,Small tributaries of the Nemunas,Nemunas,N,,4,FALSE,6/7/2021,7,6,2021,7.6.2021,89.411026,152,0.72,9.5,7.9,20.4,7.7,86.034,3.3,26,0.13,0.062,0.83,1.022,1.1,0.025,0.095,449,2.8
LTR1,LTR1_2021,LTR1_12.7.2021,54.03061287,23.96838870,Nemunas,Small tributaries of the Nemunas,Nemunas,N,,4,FALSE,7/12/2021,12,7,2021,12.7.2021,89.411026,137,0.7,12,7.8,25.2,7.8,95.823,3,18,0.03,0.082,0.61,0.722,0.79,0.025,0.095,420,3
LTR1,LTR1_2021,LTR1_2.8.2021,54.03061287,23.96838870,Nemunas,Small tributaries of the Nemunas,Nemunas,N,,4,FALSE,8/2/2021,2,8,2021,2.8.2021,89.411026,91.8,0.63,8,7.7,22,7.4,85.352,2.4,28,0.07,0.057,0.88,1.007,1.3,0.043,0.11,416,2.7
LTR1,LTR1_2021,LTR1_6.9.2021,54.03061287,23.96838870,Nemunas,Small tributaries of the Nemunas,Nemunas,N,,4,FALSE,9/6/2021,6,9,2021,6.9.2021,89.411026,119,0.7,5.5,8.2,15.2,8.8,88.088,3.5,31,0.07,0.04,0.39,0.5,0.55,0.025,0.088,478,2.9
LTR1,LTR1_2021,LTR1_4.10.2021,54.03061287,23.96838870,Nemunas,Small tributaries of the Nemunas,Nemunas,N,,4,FALSE,10/4/2021,4,10,2021,4.10.2021,89.411026,210,0.86,8.5,8,11.4,8.3,76.147,2,29,0.09,0.054,0.93,1.074,1.8,0.036,0.086,468,2.8
LTR1,LTR1_2021,LTR1_8.11.2021,54.03061287,23.96838870,Nemunas,Small tributaries of the Nemunas,Nemunas,N,,4,FALSE,11/8/2021,8,11,2021,8.11.2021,89.411026,155,0.8,4.5,7.9,7,10.4,85.667,2.6,28,0.18,0.031,1.1,1.311,1.9,0.052,0.13,488,2.8
LTR1,LTR1_2021,LTR1_6.12.2021,54.03061287,23.96838870,Nemunas,Small tributaries of the Nemunas,Nemunas,N,,4,FALSE,12/6/2021,6,12,2021,6.12.2021,89.411026,156,0.8,7,8.2,1.2,12.8,90.332,2.8,34,0.21,0.021,1.9,2.131,2.5,0.056,0.11,486,2.7
LTR1,LTR1_2022,LTR1_3.1.2022,54.03061287,23.96838870,Nemunas,Small tributaries of the Nemunas,Nemunas,N,,4,FALSE,1/3/2022,3,1,2022,3.1.2022,89.411026,102,0.61,6,7.8,0.9,12.3,86.074,4.6,29,0.18,0.024,1.9,2.104,2.4,0.045,0.09,500,2.7
LTR1,LTR1_2022,LTR1_17.1.2022,54.03061287,23.96838870,Nemunas,Small tributaries of the Nemunas,Nemunas,N,,4,FALSE,1/17/2022,17,1,2022,17.1.2022,89.411026,,,,,,,,,,,,,,,,,,
LTR1,LTR1_2022,LTR1_7.2.2022,54.03061287,23.96838870,Nemunas,Small tributaries of the Nemunas,Nemunas,N,,4,FALSE,2/7/2022,7,2,2022,7.2.2022,89.411026,264,0.88,3.5,7.4,0.5,11.5,79.585,3.3,33,0.32,0.015,1.4,1.735,1.7,0.047,0.099,492,2.6
LTR1,LTR1_2022,LTR1_7.3.2022,54.03061287,23.96838870,Nemunas,Small tributaries of the Nemunas,Nemunas,N,,4,FALSE,3/7/2022,7,3,2022,7.3.2022,89.411026,402,1.14,7,8,1.6,12.4,88.445,3,24,0.16,0.011,2,2.171,2.3,0.049,0.11,391,2.4
LTR1,LTR1_2022,LTR1_15.3.2022,54.03061287,23.96838870,Nemunas,Small tributaries of the Nemunas,Nemunas,N,,4,FALSE,3/15/2022,15,3,2022,15.3.2022,89.411026,,,,,,,,,,,,,,,,,,
LTR1,LTR1_2022,LTR1_4.4.2022,54.03061287,23.96838870,Nemunas,Small tributaries of the Nemunas,Nemunas,N,,4,FALSE,4/4/2022,4,4,2022,4.4.2022,89.411026,208,0.93,6.5,8.5,4.8,14.5,112.753,4.4,27,0.17,0.016,0.98,1.166,1.9,0.029,0.097,452,3.1
LTR1,LTR1_2022,LTR1_12.4.2022,54.03061287,23.96838870,Nemunas,Small tributaries of the Nemunas,Nemunas,N,,4,FALSE,4/12/2022,12,4,2022,12.4.2022,89.411026,,,,,,,,,,,,,,,,,,
LTR1,LTR1_2022,LTR1_2.5.2022,54.03061287,23.96838870,Nemunas,Small tributaries of the Nemunas,Nemunas,N,,4,FALSE,5/2/2022,2,5,2022,2.5.2022,89.411026,312,0.93,13,8.1,11.9,11.6,107.707,2.8,28,0.05,0.021,1.5,1.571,1.8,0.029,0.075,436,2.9
LTR1,LTR1_2022,LTR1_11.5.2022,54.03061287,23.96838870,Nemunas,Small tributaries of the Nemunas,Nemunas,N,,4,FALSE,5/11/2022,11,5,2022,11.5.2022,89.411026,,,,,,,,,,,,,,,,,,
LTR1,LTR1_2022,LTR1_8.6.2022,54.03061287,23.96838870,Nemunas,Small tributaries of the Nemunas,Nemunas,N,,4,FALSE,6/8/2022,8,6,2022,8.6.2022,89.411026,226,0.77,7,8.5,18.9,9.6,104.009,2.1,28,0.05,0.018,0.35,0.418,1.7,0.011,0.09,458,2.7
LTR1,LTR1_2022,LTR1_14.6.2022,54.03061287,23.96838870,Nemunas,Small tributaries of the Nemunas,Nemunas,N,,4,FALSE,6/14/2022,14,6,2022,14.6.2022,89.411026,,,,,,,,,,,,,,,,,,
LTR1,LTR1_2022,LTR1_11.7.2022,54.03061287,23.96838870,Nemunas,Small tributaries of the Nemunas,Nemunas,N,,4,FALSE,7/11/2022,11,7,2022,11.7.2022,89.411026,146,0.69,18,8.3,21.2,9.4,106.697,4.2,26,0.02,0.042,0.29,0.352,0.85,0.033,0.11,435,3
LTR1,LTR1_2022,LTR1_11.7.2022,54.03061287,23.96838870,Nemunas,Small tributaries of the Nemunas,Nemunas,N,,4,FALSE,7/11/2022,11,7,2022,11.7.2022,89.411026,,,,,,,,,,,,,,,,,,
LTR1,LTR1_2022,LTR1_1.8.2022,54.03061287,23.96838870,Nemunas,Small tributaries of the Nemunas,Nemunas,N,,4,FALSE,8/1/2022,1,8,2022,1.8.2022,89.411026,159,0.59,6.5,8.4,20.6,9.2,103.255,4,29,0.06,0.062,0.4,0.522,1.1,0.065,0.12,453,3.3
LTR1,LTR1_2022,LTR1_9.8.2022,54.03061287,23.96838870,Nemunas,Small tributaries of the Nemunas,Nemunas,N,,4,FALSE,8/9/2022,9,8,2022,9.8.2022,89.411026,,,,,,,,,,,,,,,,,,
LTR1,LTR1_2022,LTR1_5.9.2022,54.03061287,23.96838870,Nemunas,Small tributaries of the Nemunas,Nemunas,N,,4,FALSE,9/5/2022,5,9,2022,5.9.2022,89.411026,88.8,0.48,11,8.4,16.5,6.8,70.031,2.5,26,0.08,0.069,0.42,0.569,0.62,0.043,0.099,447,3.4
LTR1,LTR1_2022,LTR1_26.9.2022,54.03061287,23.96838870,Nemunas,Small tributaries of the Nemunas,Nemunas,N,,4,FALSE,9/26/2022,26,9,2022,26.9.2022,89.411026,,,,,,,,,,,,,,,,,,
LTR1,LTR1_2022,LTR1_3.10.2022,54.03061287,23.96838870,Nemunas,Small tributaries of the Nemunas,Nemunas,N,,4,FALSE,10/3/2022,3,10,2022,3.10.2022,89.411026,120,0.64,5,8.5,11.9,9.7,90.065,3.5,26,0.09,0.036,0.52,0.646,1.2,0.04,0.086,464,2.8
LTR1,LTR1_2022,LTR1_10.10.2022,54.03061287,23.96838870,Nemunas,Small tributaries of the Nemunas,Nemunas,N,,4,FALSE,10/10/2022,10,10,2022,10.10.2022,89.411026,,,,,,,,,,,,,,,,,,
LTR1,LTR1_2022,LTR1_8.11.2022,54.03061287,23.96838870,Nemunas,Small tributaries of the Nemunas,Nemunas,N,,4,FALSE,11/8/2022,8,11,2022,8.11.2022,89.411026,138,0.66,4.5,8,8.4,10.1,86.177,4.6,29,0.1,0.048,1.2,1.348,1.35,0.047,0.095,472,3
LTR1,LTR1_2022,LTR1_5.12.2022,54.03061287,23.96838870,Nemunas,Small tributaries of the Nemunas,Nemunas,N,,4,FALSE,12/5/2022,5,12,2022,5.12.2022,89.411026,130,0.66,2.5,7.9,0.8,13.1,91.417,3.5,25,0.09,0.029,1.5,1.619,1.7,0.04,0.088,485,3.3
LTR1,LTR1_2022,LTR1_13.12.2022,54.03061287,23.96838870,Nemunas,Small tributaries of the Nemunas,Nemunas,N,,4,FALSE,12/13/2022,13,12,2022,13.12.2022,89.411026,,,,,,,,,,,,,,,,,,
LTR1,LTR1_2023,LTR1_2.1.2023,54.03061287,23.96838870,Nemunas,Small tributaries of the Nemunas,Nemunas,N,,4,FALSE,1/2/2023,2,1,2023,2.1.2023,89.411026,317,1,5,8,1.3,11.8,83.51,3.6,23,0.09,0.025,1.5,1.615,1.75,0.042,0.084,488,3.1
LTR1,LTR1_2023,LTR1_10.1.2023,54.03061287,23.96838870,Nemunas,Small tributaries of the Nemunas,Nemunas,N,,4,FALSE,1/10/2023,10,1,2023,10.1.2023,89.411026,282,1,,,,,,,,,,,,,,,,
LTR1,LTR1_2023,LTR1_6.2.2023,54.03061287,23.96838870,Nemunas,Small tributaries of the Nemunas,Nemunas,N,,4,FALSE,2/6/2023,6,2,2023,6.2.2023,89.411026,369,1.08,11,8.1,0,13.4,91.468,3.4,25,0.18,0.021,2.1,2.301,2.43,0.058,0.09,453,3
LTR1,LTR1_2023,LTR1_6.3.2023,54.03061287,23.96838870,Nemunas,Small tributaries of the Nemunas,Nemunas,N,,4,FALSE,3/6/2023,6,3,2023,6.3.2023,89.411026,313,0.95,3.5,8.1,0.9,13.2,92.372,4.2,18,0.2,0.015,2.2,2.415,2.45,0.054,0.095,464,3.1
LTR1,LTR1_2023,LTR1_3.4.2023,54.03061287,23.96838870,Nemunas,Small tributaries of the Nemunas,Nemunas,N,,4,FALSE,4/3/2023,3,4,2023,3.4.2023,89.411026,349,1,11,8,6,11.5,92.295,3.7,22,0.17,0.017,1.4,1.587,2.03,0.043,0.12,416,3.2
LTR1,LTR1_2023,LTR1_8.5.2023,54.03061287,23.96838870,Nemunas,Small tributaries of the Nemunas,Nemunas,N,,4,FALSE,5/8/2023,8,5,2023,8.5.2023,89.411026,235,0.71,7,8.8,13.7,16.2,156.825,3.8,21,0.05,0.014,0.24,0.304,1.5,0.018,0.094,444,3.1
LTR1,LTR1_2023,LTR1_5.6.2023,54.03061287,23.96838870,Nemunas,Small tributaries of the Nemunas,Nemunas,N,,4,FALSE,6/5/2023,5,6,2023,5.6.2023,89.411026,117,0.53,6.5,7.8,18.4,6.5,69.742,2.6,23,0.17,0.028,0.29,0.488,2.51,0.018,0.092,413,3
LTR1,LTR1_2023,LTR1_3.7.2023,54.03061287,23.96838870,Nemunas,Small tributaries of the Nemunas,Nemunas,N,,4,FALSE,7/3/2023,3,7,2023,3.7.2023,89.411026,132,0.53,11,8.1,21.6,7.3,83.524,3.1,19,0.02,0.039,0.38,0.439,0.54,0.016,0.095,413,3.1
LTR1,LTR1_2023,LTR1_7.8.2023,54.03061287,23.96838870,Nemunas,Small tributaries of the Nemunas,Nemunas,N,,4,FALSE,8/7/2023,7,8,2023,7.8.2023,89.411026,114,0.57,6,8,21.6,8.2,93.822,3,17,0.09,0.071,0.34,0.501,0.96,0.051,0.14,413,3.1
LTR1,LTR1_2023,LTR1_4.9.2023,54.03061287,23.96838870,Nemunas,Small tributaries of the Nemunas,Nemunas,N,,4,FALSE,9/4/2023,4,9,2023,4.9.2023,89.411026,97.3,0.51,16,8,19.8,5.9,65.121,2,21,0.05,0.016,0.31,0.376,1.04,0.052,0.13,463,3.2
LTR1,LTR1_2023,LTR1_2.10.2023,54.03061287,23.96838870,Nemunas,Small tributaries of the Nemunas,Nemunas,N,,4,FALSE,10/2/2023,2,10,2023,2.10.2023,89.411026,89.7,0.55,6.5,8.1,16,7.9,80.448,2.1,25,0.17,0.097,0.45,0.717,1.75,0.054,0.14,479,3.6
LTR1,LTR1_2023,LTR1_6.11.2023,54.03061287,23.96838870,Nemunas,Small tributaries of the Nemunas,Nemunas,N,,4,FALSE,11/6/2023,6,11,2023,6.11.2023,89.411026,161,0.71,4,8.1,8.3,10,85.106,3.6,24,0.16,0.023,1.2,1.383,1.6,0.025,0.1,489,3.3
LTR1,LTR1_2023,LTR1_4.12.2023,54.03061287,23.96838870,Nemunas,Small tributaries of the Nemunas,Nemunas,N,,4,FALSE,12/4/2023,4,12,2023,4.12.2023,89.411026,112,0.69,14,8.1,0.2,13.6,93.342,3.4,20,0.15,0.024,1.3,1.474,1.9,0.027,0.099,517,3.3
LTR1011,LTR1011_2009,LTR1011_24.2.2009,56.19849855,24.37878657,Lielup?,M?ša,Kamatis,N,,1,FALSE,2/24/2009,24,2,2009,24.2.2009,26.37376022,,,0,8.08,4.9,7.8,60.842,2.8,,0.034,0.036,6.79,6.86,9.3,0.021,0.035,734,6
LTR1011,LTR1011_2009,LTR1011_22.4.2009,56.19849855,24.37878657,Lielup?,M?ša,Kamatis,N,,1,FALSE,4/22/2009,22,4,2009,22.4.2009,26.37376022,0.18,0.5,12,8.18,6.1,12.01,96.621,1.5,,0,0.044,7.17,7.214,12,0.024,0.037,743,5.9
LTR1011,LTR1011_2009,LTR1011_28.7.2009,56.19849855,24.37878657,Lielup?,M?ša,Kamatis,N,,1,FALSE,7/28/2009,28,7,2009,28.7.2009,26.37376022,,,3.5,8.05,16.3,8.6,88.205,2.1,,0.054,0.02,0.485,0.559,2.5,0.09,0.12,666,5.2
LTR1011,LTR1011_2009,LTR1011_28.10.2009,56.19849855,24.37878657,Lielup?,M?ša,Kamatis,N,,1,FALSE,10/28/2009,28,10,2009,28.10.2009,26.37376022,,,0,7.93,8,5.34,45.101,1.2,,0,0.012,1.24,1.252,4.6,0.01,0.022,699,5.8
LTR1011,LTR1011_2013,LTR1011_20.2.2013,56.19849855,24.37878657,Lielup?,M?ša,Kamatis,N,,1,FALSE,2/20/2013,20,2,2013,20.2.2013,26.37376022,,,5.5,7.55,1.2,8.84,,1,21,0.08,0.029,9.6,9.709,12,0.07,0.083,725,6.7
LTR1011,LTR1011_2013,LTR1011_24.4.2013,56.19849855,24.37878657,Lielup?,M?ša,Kamatis,N,,1,FALSE,4/24/2013,24,4,2013,24.4.2013,26.37376022,0.32,0.36,10,7.75,7.5,9.51,,1,12,0.03,0.024,3.5,3.554,5.2,0.046,0.059,693,4.8
LTR1011,LTR1011_2013,LTR1011_25.7.2013,56.19849855,24.37878657,Lielup?,M?ša,Kamatis,N,,1,FALSE,7/25/2013,25,7,2013,25.7.2013,26.37376022,,,2,6.93,19.1,6.41,,1.1,20,0.02,0.003,0.1,0.123,0.14,0.034,0.059,534,4.9
LTR1011,LTR1011_2013,LTR1011_26.9.2013,56.19849855,24.37878657,Lielup?,M?ša,Kamatis,N,,1,FALSE,9/26/2013,26,9,2013,26.9.2013,26.37376022,,,3,7.55,10.5,6.3,,3.1,30,0.32,0.138,0.97,1.428,1.6,0.13,0.15,693,5.4
LTR1011,LTR1011_2016,LTR1011_25.2.2016,56.19849855,24.37878657,Lielup?,M?ša,Kamatis,HM,,1,FALSE,2/25/2016,25,2,2016,25.2.2016,26.37376022,0.54,0.25,2.5,7.9,2.7,8.01,58.897,0.81,20.8,0.025,0.013,11,11.038,18,0.026,0.039,911,4.9
LTR1011,LTR1011_2016,LTR1011_28.4.2016,56.19849855,24.37878657,Lielup?,M?ša,Kamatis,HM,,1,FALSE,4/28/2016,28,4,2016,28.4.2016,26.37376022,0.37,0.17,14,8,7.2,8.59,71.109,0.93,21.7,0.008,0.025,10,10.033,11,0.013,0.019,844,5.7
LTR1011,LTR1011_2016,LTR1011_28.7.2016,56.19849855,24.37878657,Lielup?,M?ša,Kamatis,HM,,1,FALSE,7/28/2016,28,7,2016,28.7.2016,26.37376022,0.25,0.14,6,7.6,21.5,6.02,68.8,2.8,42.5,0.11,0.094,2,2.204,4.2,0.12,0.13,805,4.6
LTR1011,LTR1011_2016,LTR1011_3.10.2016,56.19849855,24.37878657,Lielup?,M?ša,Kamatis,HM,,1,FALSE,10/3/2016,3,10,2016,3.10.2016,26.37376022,,,5,7.8,11.8,6.49,60.093,2,21.2,0.088,0.109,1.2,1.397,1.8,0.062,0.088,722,6
LTR1011,LTR1011_2019,LTR1011_27.2.2019,56.19849855,24.37878657,Lielup?,M?ša,Kamatis,HM,,1,FALSE,2/27/2019,27,2,2019,27.2.2019,26.37376022,0.33,0.26,5.5,8,3.1,12.63,93.834,1.3,29.1,0.11,0.116,22,22.226,27,0.064,0.086,889,4.5
LTR1011,LTR1011_2019,LTR1011_2.5.2019,56.19849855,24.37878657,Lielup?,M?ša,Kamatis,HM,,1,FALSE,5/2/2019,2,5,2019,2.5.2019,26.37376022,0.09,0.14,3,8,12.9,8.74,83.08,2.2,27.8,0.028,0.048,4.9,4.976,7.6,0.03,0.042,842,6.2
LTR1011,LTR1011_2019,LTR1011_31.7.2019,56.19849855,24.37878657,Lielup?,M?ša,Kamatis,HM,,1,FALSE,7/31/2019,31,7,2019,31.7.2019,26.37376022,0.01,0.041,6,7.6,14.7,2.95,29.208,4.5,43.4,0.005,0.0046,0.08,0.095,1.4,0.028,0.069,684,6
LTR1011,LTR1011_2019,LTR1011_3.10.2019,56.19849855,24.37878657,Lielup?,M?ša,Kamatis,HM,,1,FALSE,10/3/2019,3,10,2019,3.10.2019,26.37376022,0.021,0.078,4.5,7.6,11,5.26,47.818,2.1,39.7,0.062,0.011,0.1,0.173,1,0.087,0.089,882,8.2
LTR1011,LTR1011_2023,LTR1011_9.2.2023,56.19849855,24.37878657,Lielup?,M?ša,Kamatis,HM,2-5 group,1,FALSE,2/9/2023,9,2,2023,9.2.2023,26.37376022,0.081,0.335,5,8.2,1.2,10.12,71.418,0.9,27.3,0.012,0.013,14,14.025,23,0.021,0.027,1059,7.9
LTR1011,LTR1011_2023,LTR1011_19.4.2023,56.19849855,24.37878657,Lielup?,M?ša,Kamatis,HM,2-5 group,1,FALSE,4/19/2023,19,4,2023,19.4.2023,26.37376022,,,14,8.3,9.8,9.62,84.907,1.3,44.3,0.032,0.04,5.4,5.472,7.8,0.021,0.041,656,6.4
LTR1011,LTR1011_2023,LTR1011_7.8.2023,56.19849855,24.37878657,Lielup?,M?ša,Kamatis,HM,2-5 group,1,FALSE,8/7/2023,7,8,2023,7.8.2023,26.37376022,,,9.6,8,22.6,5.16,60.28,3.9,31.8,0.2,0.02,0.16,0.38,1.4,0.049,0.11,1048,6.3
LTR1011,LTR1011_2023,LTR1011_11.10.2023,56.19849855,24.37878657,Lielup?,M?ša,Kamatis,HM,2-5 group,1,FALSE,10/11/2023,11,10,2023,11.10.2023,26.37376022,,,8.5,7.9,9.6,9.77,85.852,3,52.9,0.019,0.005,0.23,0.254,0.37,0.048,0.075,817,7.9
LTR1013,LTR1013_2010,LTR1013_16.3.2010,56.16635395,24.75789643,Lielup?,Nemun?lis,Agluona,N,,1,FALSE,3/16/2010,16,3,2010,16.3.2010,55.040905,,,1.8,7.71,0.5,5.28,36.54,1.7,,0.17,0.021,1.3,1.491,4.3,0.007,0.056,694,5.7
LTR1013,LTR1013_2010,LTR1013_28.4.2010,56.16635395,24.75789643,Lielup?,Nemun?lis,Agluona,N,,1,FALSE,4/28/2010,28,4,2010,28.4.2010,55.040905,,,5,7.85,10.8,7.33,66.275,2.2,,0.06,0.028,1.3,1.388,4.9,0.016,0.028,775,5.5
LTR1013,LTR1013_2010,LTR1013_28.7.2010,56.16635395,24.75789643,Lielup?,Nemun?lis,Agluona,N,,1,FALSE,7/28/2010,28,7,2010,28.7.2010,55.040905,,,1.8,7.73,21.8,8.86,101.839,0.87,,0.03,0.039,0.75,0.819,2.2,0.025,0.031,898,6.7
LTR1013,LTR1013_2010,LTR1013_26.10.2010,56.16635395,24.75789643,Lielup?,Nemun?lis,Agluona,N,,1,FALSE,10/26/2010,26,10,2010,26.10.2010,55.040905,0.6,0.48,2,7.81,6.5,9.54,77.561,1.1,,0.05,0.016,1.2,1.266,3.5,0.013,0.019,831,7.1
LTR1013,LTR1013_2013,LTR1013_25.2.2013,56.16635395,24.75789643,Lielup?,Nemun?lis,Agluona,N,,1,FALSE,2/25/2013,25,2,2013,25.2.2013,55.040905,,,3.5,7.66,1.8,8.95,,1.2,26,0.12,0.018,3.5,3.638,4.6,0.016,0.03,731,7.2
LTR1013,LTR1013_2013,LTR1013_25.4.2013,56.16635395,24.75789643,Lielup?,Nemun?lis,Agluona,N,,1,FALSE,4/25/2013,25,4,2013,25.4.2013,55.040905,1.43,0.5,8.5,7.32,7.8,8.51,,1.3,37,0.1,0.025,3.5,3.625,5.7,0.038,0.087,661,5.3
LTR1013,LTR1013_2013,LTR1013_24.7.2013,56.16635395,24.75789643,Lielup?,Nemun?lis,Agluona,N,,1,FALSE,7/24/2013,24,7,2013,24.7.2013,55.040905,0.16,0.24,2.5,7.33,18.5,7.87,,1.3,36,0.03,0.005,0.15,0.185,0.31,0.64,1.11,538,4.4
LTR1013,LTR1013_2013,LTR1013_8.10.2013,56.16635395,24.75789643,Lielup?,Nemun?lis,Agluona,N,,1,FALSE,10/8/2013,8,10,2013,8.10.2013,55.040905,,,5,8.25,8.8,6.1,,1.8,23,0.02,0.023,0.38,0.423,1.4,0.1,0.12,632,6.4
LTR1013,LTR1013_2016,LTR1013_24.2.2016,56.16635395,24.75789643,Lielup?,Nemun?lis,Agluona,N,,1,FALSE,2/24/2016,24,2,2016,24.2.2016,55.040905,,,2,7.8,2.6,5.84,42.815,0.84,29.8,0.037,0.009,6.7,6.746,9.4,0.031,0.048,865,5.2
LTR1013,LTR1013_2016,LTR1013_26.4.2016,56.16635395,24.75789643,Lielup?,Nemun?lis,Agluona,N,,1,FALSE,4/26/2016,26,4,2016,26.4.2016,55.040905,0.69,0.26,6.5,8,6.5,9.15,74.39,1.1,35.3,0.036,0.02,3.5,3.556,4.5,0.011,0.03,800,5.4
LTR1013,LTR1013_2016,LTR1013_26.7.2016,56.16635395,24.75789643,Lielup?,Nemun?lis,Agluona,N,,1,FALSE,7/26/2016,26,7,2016,26.7.2016,55.040905,0.65,0.33,2.5,7.9,19.8,7.01,77.373,2.4,26.5,0.039,0.007,0.15,0.196,1,0.073,0.081,545,6.5
LTR1013,LTR1013_2016,LTR1013_28.9.2016,56.16635395,24.75789643,Lielup?,Nemun?lis,Agluona,N,,1,FALSE,9/28/2016,28,9,2016,28.9.2016,55.040905,0.29,0.15,2,7.8,8,8.49,71.706,1.8,25.4,0.039,0.013,0.48,0.532,0.57,0.14,0.16,700,5.9
LTR1013,LTR1013_2019,LTR1013_21.2.2019,56.16635395,24.75789643,Lielup?,Nemun?lis,Agluona,N,,1,FALSE,2/21/2019,21,2,2019,21.2.2019,55.040905,1.35,0.4,2.5,7.9,2,11.46,82.684,2.2,23.2,0.019,0.022,17,17.041,19,0.028,0.042,760,4.7
LTR1013,LTR1013_2019,LTR1013_29.4.2019,56.16635395,24.75789643,Lielup?,Nemun?lis,Agluona,N,,1,FALSE,4/29/2019,29,4,2019,29.4.2019,55.040905,0.1,0.12,4,8.1,11.6,8.88,81.843,1.3,44.9,0.028,0.031,1.2,1.259,2.9,0.011,0.056,807,7.4
LTR1013,LTR1013_2019,LTR1013_25.7.2019,56.16635395,24.75789643,Lielup?,Nemun?lis,Agluona,N,,1,FALSE,7/25/2019,25,7,2019,25.7.2019,55.040905,0.007,0.068,5.5,8,18.7,4.76,51.348,2.6,43.2,0.075,0.01,0.13,0.215,1.5,0.26,0.287,746,5.9
LTR1013,LTR1013_2019,LTR1013_2.10.2019,56.16635395,24.75789643,Lielup?,Nemun?lis,Agluona,N,,1,FALSE,10/2/2019,2,10,2019,2.10.2019,55.040905,0.202,0.429,3,7.7,10.7,8.05,72.653,2.7,42.3,0.011,0.017,0.43,0.458,1.5,1.13,1.25,815,4.8
LTR1013,LTR1013_2022,LTR1013_23.2.2022,56.16635395,24.75789643,Lielup?,Nemun?lis,Agluona,N,,1,FALSE,2/23/2022,23,2,2022,23.2.2022,55.040905,0.439,0.312,2.5,8,2,12.44,89.755,1,42.7,0.021,0.015,9.6,9.636,14,0.091,0.13,580,4.4
LTR1013,LTR1013_2022,LTR1013_27.4.2022,56.16635395,24.75789643,Lielup?,Nemun?lis,Agluona,N,,1,FALSE,4/27/2022,27,4,2022,27.4.2022,55.040905,0.1715,0.2175,5.5,8,13.45,7.485,71.4,3.5,48.35,0.0575,0.0295,2.28,2.367,4.9,0.1005,0.1555,790.5,6.4
LTR1013,LTR1013_2022,LTR1013_1.8.2022,56.16635395,24.75789643,Lielup?,Nemun?lis,Agluona,N,,1,FALSE,8/1/2022,1,8,2022,1.8.2022,55.040905,0.127,0.177,4,7.8,16.6,6.52,67.286,3,50.4,0.08,0.015,0.76,0.855,2.4,0.19,0.27,732,6.3
LTR1013,LTR1013_2022,LTR1013_5.10.2022,56.16635395,24.75789643,Lielup?,Nemun?lis,Agluona,N,,1,FALSE,10/5/2022,5,10,2022,5.10.2022,55.040905,0.163,0.19,3,8.1,9.3,8.16,71.142,1.8,31,0.005,0.006,0.84,0.856,1.5,0.013,0.051,985,7.1
LTR1019,LTR1019_2012,LTR1019_22.2.2012,55.93959493,24.56204520,Lielup?,M?ša,Orija,HM,,1,FALSE,2/22/2012,22,2,2012,22.2.2012,51.23574829,,,2,7.38,2.5,8.97,,1.1,69,0.24,0.051,7.1,7.391,10,0.03,0.048,483,
LTR1019,LTR1019_2012,LTR1019_2.5.2012,55.93959493,24.56204520,Lielup?,M?ša,Orija,HM,,1,FALSE,5/2/2012,2,5,2012,2.5.2012,51.23574829,1.4,0.36,1,6.99,11.1,9.31,,2.1,79,0.03,0.03,2.7,2.76,4.8,0.013,0.022,584,
LTR1019,LTR1019_2012,LTR1019_23.7.2012,55.93959493,24.56204520,Lielup?,M?ša,Orija,HM,,1,FALSE,7/23/2012,23,7,2012,23.7.2012,51.23574829,0.86,0.33,4,7.58,17.1,7.34,,1.6,83,0.02,0.015,0.89,0.925,1.8,0.033,0.047,638,4.9
LTR1019,LTR1019_2012,LTR1019_4.10.2012,55.93959493,24.56204520,Lielup?,M?ša,Orija,HM,,1,FALSE,10/4/2012,4,10,2012,4.10.2012,51.23574829,0.44,0.29,6.5,7.37,10.9,5.29,,0.96,47,0.06,0.016,0.96,1.036,1.5,0.028,0.035,548,6.1
LTR1019,LTR1019_2015,LTR1019_24.2.2015,55.93959493,24.56204520,Lielup?,M?ša,Orija,HM,,1,FALSE,2/24/2015,24,2,2015,24.2.2015,51.23574829,,,2,7.46,2.5,8.88,64.912,1.3,111,0.049,0.01,1.1,1.159,2,0.024,0.032,588,2.6
LTR1019,LTR1019_2015,LTR1019_28.4.2015,55.93959493,24.56204520,Lielup?,M?ša,Orija,HM,,1,FALSE,4/28/2015,28,4,2015,28.4.2015,51.23574829,,,3,7.95,12.5,8.91,83.898,1.6,48.8,0.035,0.023,1.9,1.958,3,0.031,0.038,811,5.6
LTR1019,LTR1019_2015,LTR1019_29.7.2015,55.93959493,24.56204520,Lielup?,M?ša,Orija,HM,,1,FALSE,7/29/2015,29,7,2015,29.7.2015,51.23574829,,,5.5,7.87,18.1,9.18,97.868,2.3,79.5,0.08,0.0055,0.2,0.2855,0.76,0.05,0.103,766,5
LTR1019,LTR1019_2015,LTR1019_1.10.2015,55.93959493,24.56204520,Lielup?,M?ša,Orija,HM,,1,FALSE,10/1/2015,1,10,2015,1.10.2015,51.23574829,,,7,7.53,9.9,5.54,49.027,2.1,45.7,0.01,0.002,0.06,0.07,0.09,0.009,0.081,892,4
LTR1019,LTR1019_2019,LTR1019_25.2.2019,55.93959493,24.56204520,Lielup?,M?ša,Orija,HM,,1,FALSE,2/25/2019,25,2,2019,25.2.2019,51.23574829,0.47,0.19,5,7.8,2,12.07,87.085,1.1,46.7,0.036,0.026,13,13.062,15,0.071,0.08,606,3.9
LTR1019,LTR1019_2019,LTR1019_24.4.2019,55.93959493,24.56204520,Lielup?,M?ša,Orija,HM,,1,FALSE,4/24/2019,24,4,2019,24.4.2019,51.23574829,0.11,0.09,2,8.2,12.1,9,83.955,2.3,56.2,0.017,0.029,2.5,2.546,5.3,0.014,0.017,718,5.6
LTR1019,LTR1019_2019,LTR1019_30.7.2019,55.93959493,24.56204520,Lielup?,M?ša,Orija,HM,,1,FALSE,7/30/2019,30,7,2019,30.7.2019,51.23574829,,,2,7.9,18.4,8.07,86.588,1.6,60.2,0.014,0.011,0.2,0.225,1.2,0.094,0.1,710,5.3
LTR1019,LTR1019_2019,LTR1019_1.10.2019,55.93959493,24.56204520,Lielup?,M?ša,Orija,HM,,1,FALSE,10/1/2019,1,10,2019,1.10.2019,51.23574829,0.026,0.094,2,7.7,11.2,5.17,47.215,1.6,38.6,0.005,0.002,0.12,0.132,1,0.022,0.034,700,5
LTR1019,LTR1019_2022,LTR1019_28.2.2022,55.93959493,24.56204520,Lielup?,M?ša,Orija,HM,2-5 group,1,FALSE,2/28/2022,28,2,2022,28.2.2022,51.23574829,,,4,8,2,13.34,96.248,1.1,76.5,0.005,0.013,7.8,7.823,9.2,0.009,0.034,579,3.6
LTR1019,LTR1019_2022,LTR1019_25.4.2022,55.93959493,24.56204520,Lielup?,M?ša,Orija,HM,2-5 group,1,FALSE,4/25/2022,25,4,2022,25.4.2022,51.23574829,,,3,8,9.9,8.15,72.124,3.8,84.5,0.11,0.038,2.2,2.348,4.9,0.037,0.083,898,4.7
LTR1019,LTR1019_2022,LTR1019_27.7.2022,55.93959493,24.56204520,Lielup?,M?ša,Orija,HM,2-5 group,1,FALSE,7/27/2022,27,7,2022,27.7.2022,51.23574829,0.239,0.084,3.5,7.9,20.6,5.72,64.198,1.8,81.6,0.051,0.009,0.31,0.37,1.8,0.074,0.12,970,6
LTR1019,LTR1019_2022,LTR1019_3.10.2022,55.93959493,24.56204520,Lielup?,M?ša,Orija,HM,2-5 group,1,FALSE,10/3/2022,3,10,2022,3.10.2022,51.23574829,,,9,7.9,9.6,6.35,55.8,1.3,47.1,0.011,0.0027,0.06,0.074,0.6,0.018,0.026,1026,6.2
LTR1021,LTR1021_2012,LTR1021_23.2.2012,55.63720277,24.47654378,Nemunas,Nev?žis,Alanta,HM,,1,FALSE,2/23/2012,23,2,2012,23.2.2012,58.19431305,,,2,7.74,1.9,5.93,,1.5,20,0.26,0.025,6,6.285,8,0.05,0.37,635,
LTR1021,LTR1021_2012,LTR1021_7.5.2012,55.63720277,24.47654378,Nemunas,Nev?žis,Alanta,HM,,1,FALSE,5/7/2012,7,5,2012,7.5.2012,58.19431305,0.29,0.29,4,7.38,11.5,8.43,,1.9,44,0.06,0.051,1.9,2.011,3.9,0.012,0.03,695,
LTR1021,LTR1021_2012,LTR1021_24.7.2012,55.63720277,24.47654378,Nemunas,Nev?žis,Alanta,HM,,1,FALSE,7/24/2012,24,7,2012,24.7.2012,58.19431305,,,2,7.33,15.8,7.34,,0.98,35,0.02,0.022,2,2.042,4.5,0.026,0.12,493,7.2
LTR1021,LTR1021_2012,LTR1021_9.10.2012,55.63720277,24.47654378,Nemunas,Nev?žis,Alanta,HM,,1,FALSE,10/9/2012,9,10,2012,9.10.2012,58.19431305,,,4,7.57,8.3,7.28,,2.2,24,0.01,0.017,4,4.027,4.2,0.015,0.052,653,7.4
LTR1021,LTR1021_2016,LTR1021_23.2.2016,55.63720277,24.47654378,Nemunas,Nev?žis,Alanta,HM,,1,FALSE,2/23/2016,23,2,2016,23.2.2016,58.19431305,,,2,7.9,2.7,7.16,52.647,0.97,36.7,0.032,0.011,9.5,9.543,9.5,0.058,0.094,764,3.7
LTR1021,LTR1021_2016,LTR1021_27.4.2016,55.63720277,24.47654378,Nemunas,Nev?žis,Alanta,HM,,1,FALSE,4/27/2016,27,4,2016,27.4.2016,58.19431305,,,6,7.9,7,8.54,70.346,0.96,53.7,0.015,0.015,3.5,3.53,4.7,0.021,0.028,901,4.2
LTR1021,LTR1021_2016,LTR1021_27.7.2016,55.63720277,24.47654378,Nemunas,Nev?žis,Alanta,HM,,1,FALSE,7/27/2016,27,7,2016,27.7.2016,58.19431305,0.69,0.29,2.5,7.9,21,7.12,80.543,2.3,25.8,0.043,0.015,0.19,0.248,0.5,0.031,0.042,624,6.2
LTR1021,LTR1021_2016,LTR1021_4.10.2016,55.63720277,24.47654378,Nemunas,Nev?žis,Alanta,HM,,1,FALSE,10/4/2016,4,10,2016,4.10.2016,58.19431305,,,0.9,7.7,10.5,5.23,46.948,1.5,18.9,0.014,0.024,1.3,1.338,2.8,0.02,0.028,747,6.1
LTR1021,LTR1021_2019,LTR1021_20.2.2019,55.63720277,24.47654378,Nemunas,Nev?žis,Alanta,HM,,1,FALSE,2/20/2019,20,2,2019,20.2.2019,58.19431305,,,2.5,7.9,2.4,10.14,73.961,1.9,21.2,0.005,0.014,10,10.024,14,0.02,0.046,638,4.2
LTR1021,LTR1021_2019,LTR1021_23.4.2019,55.63720277,24.47654378,Nemunas,Nev?žis,Alanta,HM,,1,FALSE,4/23/2019,23,4,2019,23.4.2019,58.19431305,,,3,8,10.8,8.59,77.667,2.4,34.5,0.014,0.026,2,2.04,3.7,0.011,0.03,714,6.6
LTR1021,LTR1021_2019,LTR1021_1.8.2019,55.63720277,24.47654378,Nemunas,Nev?žis,Alanta,HM,,1,FALSE,8/1/2019,1,8,2019,1.8.2019,58.19431305,0.074,0.045,3,7.6,17.1,3.51,36.639,1.9,26.9,0.015,0.0029,0.05,0.068,0.95,0.14,0.17,680,6.3
LTR1021,LTR1021_2019,LTR1021_26.9.2019,55.63720277,24.47654378,Nemunas,Nev?žis,Alanta,HM,,1,FALSE,9/26/2019,26,9,2019,26.9.2019,58.19431305,,,2,7.6,8.4,5.96,50.853,1.1,19.9,0.005,0.0015,0.08,0.092,0.51,0.003,0.036,657,5.8
LTR1021,LTR1021_2022,LTR1021_1.3.2022,55.63720277,24.47654378,Nemunas,Nev?žis,Alanta,HM,2-5 group,1,FALSE,3/1/2022,1,3,2022,1.3.2022,58.19431305,0.352,0.157,3.5,8,1.5,10.93,77.794,1.2,38.8,0.028,0.013,7.5,7.541,9.8,0.087,0.096,577,4.3
LTR1021,LTR1021_2022,LTR1021_12.4.2022,55.63720277,24.47654378,Nemunas,Nev?žis,Alanta,HM,2-5 group,1,FALSE,4/12/2022,12,4,2022,12.4.2022,58.19431305,0.244,0.112,3,7.9,6.3,11.4,92.233,2.6,44.7,0.066,0.024,2.8,2.89,3.6,0.008,0.032,748,5.6
LTR1021,LTR1021_2022,LTR1021_25.7.2022,55.63720277,24.47654378,Nemunas,Nev?žis,Alanta,HM,2-5 group,1,FALSE,7/25/2022,25,7,2022,25.7.2022,58.19431305,0.177,0.147,4,8,17.8,6.77,71.716,1.4,42.9,0.044,0.04,3.4,3.484,6.3,0.023,0.035,796,6.8
LTR1021,LTR1021_2022,LTR1021_20.9.2022,55.63720277,24.47654378,Nemunas,Nev?žis,Alanta,HM,2-5 group,1,FALSE,9/20/2022,20,9,2022,20.9.2022,58.19431305,0.089,0.094,4.5,8,11.8,7.48,69.259,1.3,34.9,0.01,0.014,1.1,1.124,2.3,0.008,0.042,795,6.9
LTR1023,LTR1023_2010,LTR1023_15.3.2010,56.03310465,25.43850925,Lielup?,Nemun?lis,Beržiena,N,,1,FALSE,3/15/2010,15,3,2010,15.3.2010,85.2661972,,,1.8,7.5,1.3,6.31,44.657,2.1,,0.36,0.021,2.7,3.081,4,0.034,0.048,681,5.5
LTR1023,LTR1023_2010,LTR1023_27.4.2010,56.03310465,25.43850925,Lielup?,Nemun?lis,Beržiena,N,,1,FALSE,4/27/2010,27,4,2010,27.4.2010,85.2661972,0.24,0.19,1.8,7.84,8.3,9.41,80.085,2.6,,0.05,0.018,1.1,1.168,3.1,0.027,0.044,732,4.7
LTR1023,LTR1023_2010,LTR1023_27.7.2010,56.03310465,25.43850925,Lielup?,Nemun?lis,Beržiena,N,,1,FALSE,7/27/2010,27,7,2010,27.7.2010,85.2661972,0.44,0.34,1.8,7.59,18.7,6.7,72.276,1.3,,0.04,0.031,0.46,0.531,1.7,0.033,0.041,547,5.7
LTR1023,LTR1023_2010,LTR1023_25.10.2010,56.03310465,25.43850925,Lielup?,Nemun?lis,Beržiena,N,,1,FALSE,10/25/2010,25,10,2010,25.10.2010,85.2661972,,,11,7.69,6.5,8.3,67.48,1.2,,0.03,0.021,2.1,2.151,3.7,0.024,0.042,472,5.1
LTR1023,LTR1023_2013,LTR1023_19.2.2013,56.03310465,25.43850925,Lielup?,Nemun?lis,Beržiena,N,,1,FALSE,2/19/2013,19,2,2013,19.2.2013,85.2661972,,,11,7.58,1.3,9.58,,2.1,45,0.12,0.018,1.3,1.438,5.4,0.028,0.038,661,5.3
LTR1023,LTR1023_2013,LTR1023_29.4.2013,56.03310465,25.43850925,Lielup?,Nemun?lis,Beržiena,N,,1,FALSE,4/29/2013,29,4,2013,29.4.2013,85.2661972,,,10,7.64,7.6,9.34,,1.5,52,0.07,0.012,1.4,1.482,1.9,0.028,0.037,784,3
LTR1023,LTR1023_2013,LTR1023_23.7.2013,56.03310465,25.43850925,Lielup?,Nemun?lis,Beržiena,N,,1,FALSE,7/23/2013,23,7,2013,23.7.2013,85.2661972,,,6.5,7.59,17.1,7.24,,1.2,20,0.02,0.009,0.12,0.149,0.16,0.018,0.034,631,4.8
LTR1023,LTR1023_2013,LTR1023_7.10.2013,56.03310465,25.43850925,Lielup?,Nemun?lis,Beržiena,N,,1,FALSE,10/7/2013,7,10,2013,7.10.2013,85.2661972,,,5,8.3,9.3,6.94,,2,17,0.02,0.012,0.18,0.212,0.44,0.017,0.037,750,5.4
LTR1023,LTR1023_2016,LTR1023_22.2.2016,56.03310465,25.43850925,Lielup?,Nemun?lis,Beržiena,HM,,1,FALSE,2/22/2016,22,2,2016,22.2.2016,85.2661972,,,4,7.7,2.2,6.25,45.323,1.4,50.2,0.08,0.016,2.4,2.496,5.2,0.03,0.059,777,3.8
LTR1023,LTR1023_2016,LTR1023_25.4.2016,56.03310465,25.43850925,Lielup?,Nemun?lis,Beržiena,HM,,1,FALSE,4/25/2016,25,4,2016,25.4.2016,85.2661972,0.37,0.25,19,7.6,6.6,8.87,72.29,2.4,106,0.028,0.017,1.6,1.645,1.7,0.051,0.059,801,3.9
LTR1023,LTR1023_2016,LTR1023_25.7.2016,56.03310465,25.43850925,Lielup?,Nemun?lis,Beržiena,HM,,1,FALSE,7/25/2016,25,7,2016,25.7.2016,85.2661972,0.32,0.2,7,8.2,19.9,6.22,68.805,1.7,25.8,0.015,0.011,0.26,0.286,0.86,0.019,0.03,751,7
LTR1023,LTR1023_2016,LTR1023_27.9.2016,56.03310465,25.43850925,Lielup?,Nemun?lis,Beržiena,HM,,1,FALSE,9/27/2016,27,9,2016,27.9.2016,85.2661972,,,2,7.9,10.6,8.43,,0.87,23.4,0.034,0.016,0.31,0.36,0.55,0.035,0.041,543,5.1
LTR1023,LTR1023_2019,LTR1023_26.2.2019,56.03310465,25.43850925,Lielup?,Nemun?lis,Beržiena,HM,,1,FALSE,2/26/2019,26,2,2019,26.2.2019,85.2661972,0.35,0.21,2.5,7.7,1.8,11.18,80.201,1.2,40.8,0.024,0.013,5.9,5.937,7,0.007,0.025,678,3.7
LTR1023,LTR1023_2019,LTR1023_25.4.2019,56.03310465,25.43850925,Lielup?,Nemun?lis,Beržiena,HM,,1,FALSE,4/25/2019,25,4,2019,25.4.2019,85.2661972,0.09,0.13,3,8,11,9.77,88.818,2,43.4,0.03,0.021,1.9,1.951,3.4,0.026,0.046,507,5.1
LTR1023,LTR1023_2019,LTR1023_24.7.2019,56.03310465,25.43850925,Lielup?,Nemun?lis,Beržiena,HM,,1,FALSE,7/24/2019,24,7,2019,24.7.2019,85.2661972,0.049,0.146,2,8,20.3,5.71,63.657,1.3,18.8,0.011,0.006,0.09,0.107,0.56,0.047,0.05,500,5.4
LTR1023,LTR1023_2019,LTR1023_25.9.2019,56.03310465,25.43850925,Lielup?,Nemun?lis,Beržiena,HM,,1,FALSE,9/25/2019,25,9,2019,25.9.2019,85.2661972,0.057,0.214,6.5,8,7.3,10.46,86.805,0.86,10.4,0.015,0.009,0.44,0.464,0.96,0.023,0.051,512,5.6
LTR1023,LTR1023_2022,LTR1023_2.3.2022,56.03310465,25.43850925,Lielup?,Nemun?lis,Beržiena,HM,2-5 group,1,FALSE,3/2/2022,2,3,2022,2.3.2022,85.2661972,0.158,0.144,4.5,7.9,1.1,12.22,85.996,1.4,63.7,0.053,0.012,4.2,4.265,6.6,0.021,0.025,423,3.7
LTR1023,LTR1023_2022,LTR1023_26.4.2022,56.03310465,25.43850925,Lielup?,Nemun?lis,Beržiena,HM,2-5 group,1,FALSE,4/26/2022,26,4,2022,26.4.2022,85.2661972,0.142,0.213,4.5,7.9,8.8,6.92,59.604,2.6,68,0.016,0.015,1.9,1.931,3.6,0.003,0.044,419,3.8
LTR1023,LTR1023_2022,LTR1023_26.7.2022,56.03310465,25.43850925,Lielup?,Nemun?lis,Beržiena,HM,2-5 group,1,FALSE,7/26/2022,26,7,2022,26.7.2022,85.2661972,,,4.5,7.8,17.1,6.33,66.075,1.3,28.2,0.048,0.017,0.53,0.595,1.5,0.024,0.04,577,5.4
LTR1023,LTR1023_2022,LTR1023_4.10.2022,56.03310465,25.43850925,Lielup?,Nemun?lis,Beržiena,HM,2-5 group,1,FALSE,10/4/2022,4,10,2022,4.10.2022,85.2661972,,,7.5,7.9,8.1,7.81,66.13,5.8,61.2,0.15,0.036,1.2,1.386,3.2,0.033,0.13,523,4.9
LTR1027,LTR1027_2017,LTR1027_20.2.2017,56.03761878,25.61537655,Lielup?,Nemun?lis,Vyžuona,N,,1,FALSE,2/20/2017,20,2,2017,20.2.2017,107.6720963,,,4,7.6,2.4,11.58,84.464,1.2,37.3,0.035,0.008,0.92,0.963,2.4,0.019,0.024,610,4.2
LTR1027,LTR1027_2017,LTR1027_24.4.2017,56.03761878,25.61537655,Lielup?,Nemun?lis,Vyžuona,N,,1,FALSE,4/24/2017,24,4,2017,24.4.2017,107.6720963,0.42,0.25,8,8,5.3,10.18,80.221,2.8,48.2,0.011,0.006,0.98,0.997,1.9,0.008,0.04,662,3.6
LTR1027,LTR1027_2017,LTR1027_20.7.2017,56.03761878,25.61537655,Lielup?,Nemun?lis,Vyžuona,N,,1,FALSE,7/20/2017,20,7,2017,20.7.2017,107.6720963,0.5,0.45,5.5,8,19,7.1,77.09,2.3,37.7,0.042,0.0054,0.13,0.1774,0.25,0.026,0.038,430,3.4
LTR1027,LTR1027_2017,LTR1027_11.10.2017,56.03761878,25.61537655,Lielup?,Nemun?lis,Vyžuona,N,,1,FALSE,10/11/2017,11,10,2017,11.10.2017,107.6720963,,,4,7.8,9.9,6.88,60.885,2.2,46.5,0.023,0.022,0.89,0.935,3.1,0.026,0.046,595,4
LTR1027,LTR1027_2022,LTR1027_2.3.2022,56.03761878,25.61537655,Lielup?,Nemun?lis,Vyžuona,N,,1,FALSE,3/2/2022,2,3,2022,2.3.2022,107.6720963,0.32,0.27,3.5,7.7,2.2,9.37,67.948,1.3,49.4,0.035,0.017,2.6,2.652,4.2,0.014,0.035,315,2.6
LTR1027,LTR1027_2022,LTR1027_26.4.2022,56.03761878,25.61537655,Lielup?,Nemun?lis,Vyžuona,N,,1,FALSE,4/26/2022,26,4,2022,26.4.2022,107.6720963,0.182,0.221,2.5,8,9.5,5.75,50.394,3.2,33.1,0.02,0.015,0.82,0.855,2,0.003,0.037,431,3.7
LTR1027,LTR1027_2022,LTR1027_26.7.2022,56.03761878,25.61537655,Lielup?,Nemun?lis,Vyžuona,N,,1,FALSE,7/26/2022,26,7,2022,26.7.2022,107.6720963,0.112,0.186,2.5,7.6,20,5.19,57.539,3.5,46.7,0.045,0.0045,0.17,0.22,1,0.019,0.036,450,4.1
LTR1027,LTR1027_2022,LTR1027_4.10.2022,56.03761878,25.61537655,Lielup?,Nemun?lis,Vyžuona,N,,1,FALSE,10/4/2022,4,10,2022,4.10.2022,107.6720963,0.126,0.203,13,7.9,8.9,8.4,72.539,2.7,63.5,0.11,0.009,0.74,0.859,2.3,0.015,0.063,448,4.4
LTR1032,LTR1032_2012,LTR1032_27.2.2012,55.81068033,25.07461865,Lielup?,M?ša,Skodinys,N,,1,FALSE,2/27/2012,27,2,2012,27.2.2012,102.4600067,,,7,7.64,1.1,9.58,,2.7,55,0.38,0.023,9.8,10.203,12,0.074,0.09,684,
LTR1032,LTR1032_2012,LTR1032_3.5.2012,55.81068033,25.07461865,Lielup?,M?ša,Skodinys,N,,1,FALSE,5/3/2012,3,5,2012,3.5.2012,102.4600067,0.31,0.24,7.5,7.21,13,8.21,,2.1,105,0.16,0.052,4,4.212,5.4,0.044,0.059,633,
LTR1032,LTR1032_2012,LTR1032_23.7.2012,55.81068033,25.07461865,Lielup?,M?ša,Skodinys,N,,1,FALSE,7/23/2012,23,7,2012,23.7.2012,102.4600067,0.56,0.16,4.5,6.39,15.4,6.32,,1.7,73,0.07,0.045,1.5,1.615,2.6,0.071,0.086,531,6.6
LTR1032,LTR1032_2012,LTR1032_8.10.2012,55.81068033,25.07461865,Lielup?,M?ša,Skodinys,N,,1,FALSE,10/8/2012,8,10,2012,8.10.2012,102.4600067,,,16,7.33,9.7,7.5,,3.3,92,0.25,0.038,3.8,4.088,4.5,0.038,0.048,694,5.5
LTR1032,LTR1032_2015,LTR1032_23.2.2015,55.81068033,25.07461865,Lielup?,M?ša,Skodinys,N,,1,FALSE,2/23/2015,23,2,2015,23.2.2015,102.4600067,,,4,7.96,4.1,8.91,68.015,1.7,51.3,0.41,0.017,6.1,6.527,7.7,0.029,0.07,621,4.9
LTR1032,LTR1032_2015,LTR1032_29.4.2015,55.81068033,25.07461865,Lielup?,M?ša,Skodinys,N,,1,FALSE,4/29/2015,29,4,2015,29.4.2015,102.4600067,0.59,0.22,2.5,7.83,11.2,8.28,75.616,2.7,80,0.041,0.027,3.6,3.668,5.3,0.047,0.059,799,5.4
LTR1032,LTR1032_2015,LTR1032_28.7.2015,55.81068033,25.07461865,Lielup?,M?ša,Skodinys,N,,1,FALSE,7/28/2015,28,7,2015,28.7.2015,102.4600067,0.16,0.13,6,8.2,18,8.15,86.702,1.4,60.8,0.032,0.009,0.24,0.281,0.57,0.048,0.11,751,6.5
LTR1032,LTR1032_2015,LTR1032_6.10.2015,55.81068033,25.07461865,Lielup?,M?ša,Skodinys,N,,1,FALSE,10/6/2015,6,10,2015,6.10.2015,102.4600067,0.17,0.2,5.5,7.97,8.2,9.89,83.956,2.4,49.6,0.023,0.015,0.2,0.238,0.37,0.067,0.085,836,5.6
LTR1037,LTR1037_2009,LTR1037_23.2.2009,55.52990000,24.28100000,Nemunas,Nev?žis,Upyt?,HM,,1,FALSE,2/23/2009,23,2,2009,23.2.2009,54.72502899,,,0,7.57,3.2,3.35,24.963,1.6,,0.094,0.021,3.04,3.155,7.4,0.057,0.065,385,5.9
LTR1037,LTR1037_2009,LTR1037_20.4.2009,55.52990000,24.28100000,Nemunas,Nev?žis,Upyt?,HM,,1,FALSE,4/20/2009,20,4,2009,20.4.2009,54.72502899,0.31,0.24,0,7.8,6.2,11.58,93.387,2.4,,0.094,0.05,2.79,2.934,6.9,0.04,0.05,497,5
LTR1037,LTR1037_2009,LTR1037_27.7.2009,55.52990000,24.28100000,Nemunas,Nev?žis,Upyt?,HM,,1,FALSE,7/27/2009,27,7,2009,27.7.2009,54.72502899,,,0,7.66,16.9,7.27,75.493,1.8,,0.038,0.06,3.82,3.918,9.1,0.047,0.082,840,6.2
LTR1037,LTR1037_2009,LTR1037_26.10.2009,55.52990000,24.28100000,Nemunas,Nev?žis,Upyt?,HM,,1,FALSE,10/26/2009,26,10,2009,26.10.2009,54.72502899,,,0,7.89,8.5,7.38,63.077,1,,0.046,0.057,1.75,1.853,5,0.049,0.057,439,6.9
LTR1037,LTR1037_2012,LTR1037_20.2.2012,55.52990000,24.28100000,Nemunas,Nev?žis,Upyt?,HM,,1,FALSE,2/20/2012,20,2,2012,20.2.2012,54.72502899,,,3.5,7.53,2.9,9.34,,1.2,35,0.4,0.041,7.1,7.541,11,0.11,0.12,674,
LTR1037,LTR1037_2012,LTR1037_24.4.2012,55.52990000,24.28100000,Nemunas,Nev?žis,Upyt?,HM,,1,FALSE,4/24/2012,24,4,2012,24.4.2012,54.72502899,,,3,6.45,11.7,8.2,,1.7,32,0.01,0.018,7.3,7.328,8.3,0.02,0.027,783,
LTR1037,LTR1037_2012,LTR1037_25.7.2012,55.52990000,24.28100000,Nemunas,Nev?žis,Upyt?,HM,,1,FALSE,7/25/2012,25,7,2012,25.7.2012,54.72502899,0.56,0.17,2,6.46,18.4,7.45,,1.8,46,0.04,0.02,0.4,0.46,0.04,0.051,0.079,644,5.9
LTR1037,LTR1037_2012,LTR1037_10.10.2012,55.52990000,24.28100000,Nemunas,Nev?žis,Upyt?,HM,,1,FALSE,10/10/2012,10,10,2012,10.10.2012,54.72502899,,,2.5,6.93,7.5,7.12,,1.8,28,0.08,0.049,2.5,2.629,5.6,0.075,0.086,562,7.2
LTR1037,LTR1037_2015,LTR1037_25.2.2015,55.52990000,24.28100000,Nemunas,Nev?žis,Upyt?,HM,,1,FALSE,2/25/2015,25,2,2015,25.2.2015,54.72502899,1.04,0.42,3,7.78,3.5,8.75,65.74,1.3,20.3,0.023,0.015,5.1,5.138,12,0.034,0.049,598,5.2
LTR1037,LTR1037_2015,LTR1037_27.4.2015,55.52990000,24.28100000,Nemunas,Nev?žis,Upyt?,HM,,1,FALSE,4/27/2015,27,4,2015,27.4.2015,54.72502899,0.37,0.3,2,7.92,11,10.11,91.909,2.5,57.5,0.049,0.049,2.9,2.998,3.2,0.037,0.059,903,6.1
LTR1037,LTR1037_2015,LTR1037_30.7.2015,55.52990000,24.28100000,Nemunas,Nev?žis,Upyt?,HM,,1,FALSE,7/30/2015,30,7,2015,30.7.2015,54.72502899,0.19,0.17,5,7.69,16,6.74,68.635,2.4,33.1,0.035,0.063,0.06,0.158,0.43,1.29,1.63,854,5.2
LTR1037,LTR1037_2015,LTR1037_8.10.2015,55.52990000,24.28100000,Nemunas,Nev?žis,Upyt?,HM,,1,FALSE,10/8/2015,8,10,2015,8.10.2015,54.72502899,,,2.5,7.32,4.2,4.15,31.776,1.3,41,0.055,0.05,0.92,1.025,1.4,0.14,0.16,1170,4.5
LTR1037,LTR1037_2018,LTR1037_22.2.2018,55.52990000,24.28100000,Nemunas,Nev?žis,Upyt?,HM,,1,FALSE,2/22/2018,22,2,2018,22.2.2018,54.72502899,,,2.5,7.6,1.1,10.34,72.766,2.2,45.9,0.38,0.05,5.8,6.23,7.5,0.13,0.14,814,6
LTR1037,LTR1037_2018,LTR1037_23.4.2018,55.52990000,24.28100000,Nemunas,Nev?žis,Upyt?,HM,,1,FALSE,4/23/2018,23,4,2018,23.4.2018,54.72502899,0.72,0.4,6,8,9,8.02,69.437,4,60.2,0.28,0.051,1.5,1.831,1.9,0.1,0.13,750,5.7
LTR1037,LTR1037_2018,LTR1037_26.7.2018,55.52990000,24.28100000,Nemunas,Nev?žis,Upyt?,HM,,1,FALSE,7/26/2018,26,7,2018,26.7.2018,54.72502899,0.14,0.15,5,7.7,19.8,4.98,54.967,5.8,50,0.6,0.603,4.1,5.303,7.2,0.83,0.89,908,6
LTR1037,LTR1037_2018,LTR1037_4.10.2018,55.52990000,24.28100000,Nemunas,Nev?žis,Upyt?,HM,,1,FALSE,10/4/2018,4,10,2018,4.10.2018,54.72502899,0.22,0.14,2,7.7,8.8,7.22,62.188,5.9,48.8,6,0.505,5.5,12.005,16,1.21,1.49,748,5.6
LTR1037,LTR1037_2021,LTR1037_25.2.2021,55.52990000,24.28100000,Nemunas,Nev?žis,Upyt?,HM,,1,FALSE,2/25/2021,25,2,2021,25.2.2021,54.72502899,,,2.5,7.6,1.4,7.09,50.319,3.4,22.6,0.53,0.043,8,8.573,11,0.14,0.17,910,5.9
LTR1037,LTR1037_2021,LTR1037_20.4.2021,55.52990000,24.28100000,Nemunas,Nev?žis,Upyt?,HM,,1,FALSE,4/20/2021,20,4,2021,20.4.2021,54.72502899,0.256,0.318,4,7.7,11.6,9.42,86.82,2.4,45.8,0.15,0.108,11,11.258,15,0.058,0.095,834,6
LTR1037,LTR1037_2021,LTR1037_26.7.2021,55.52990000,24.28100000,Nemunas,Nev?žis,Upyt?,HM,,1,FALSE,7/26/2021,26,7,2021,26.7.2021,54.72502899,,,7.5,7.7,19,3.1,33.659,5.8,49.8,1.4,0.139,0.45,1.989,23,3.76,4.25,1180,9.9
LTR1037,LTR1037_2021,LTR1037_29.9.2021,55.52990000,24.28100000,Nemunas,Nev?žis,Upyt?,HM,,1,FALSE,9/29/2021,29,9,2021,29.9.2021,54.72502899,,,2.5,7.6,9.5,4.7,41.192,5.9,25.7,5.3,0.137,3,8.437,11,0.38,0.48,1020,7
LTR1038,LTR1038_2012,LTR1038_20.2.2012,55.46640083,24.14780428,Nemunas,Nev?žis,Linkava,HM,,1,FALSE,2/20/2012,20,2,2012,20.2.2012,47.94723129,,,3.5,7.34,1.1,9.38,,1.2,35,0.24,0.045,7.5,7.785,12,0.12,0.12,511,
LTR1038,LTR1038_2012,LTR1038_24.4.2012,55.46640083,24.14780428,Nemunas,Nev?žis,Linkava,HM,,1,FALSE,4/24/2012,24,4,2012,24.4.2012,47.94723129,,,1,7.59,11.5,9.25,,1.7,40,0.02,0.029,5,5.049,5.6,0.014,0.025,694,
LTR1038,LTR1038_2012,LTR1038_25.7.2012,55.46640083,24.14780428,Nemunas,Nev?žis,Linkava,HM,,1,FALSE,7/25/2012,25,7,2012,25.7.2012,47.94723129,,,2.5,7.33,18.9,7.21,,1.1,48,0.03,0.023,0.82,0.873,1.8,0.028,0.061,538,5.3
LTR1038,LTR1038_2012,LTR1038_10.10.2012,55.46640083,24.14780428,Nemunas,Nev?žis,Linkava,HM,,1,FALSE,10/10/2012,10,10,2012,10.10.2012,47.94723129,0.53,0.2,8,6.87,7.9,6.97,,2.3,22,0.01,0.018,2.5,2.528,3.2,0.024,0.044,538,7.1
LTR1038,LTR1038_2015,LTR1038_26.2.2015,55.46640083,24.14780428,Nemunas,Nev?žis,Linkava,HM,,1,FALSE,2/26/2015,26,2,2015,26.2.2015,47.94723129,,,2,7.98,3.8,8.59,65.076,0.85,36.9,0.022,0.02,3.9,3.942,9.6,0.02,0.047,691,4.6
LTR1038,LTR1038_2015,LTR1038_22.4.2015,55.46640083,24.14780428,Nemunas,Nev?žis,Linkava,HM,,1,FALSE,4/22/2015,22,4,2015,22.4.2015,47.94723129,,,5.5,7.9,6.1,8.25,66.372,1.9,51.2,0.06,0.011,3,3.071,7.8,0.032,0.039,810,5.9
LTR1038,LTR1038_2015,LTR1038_27.7.2015,55.46640083,24.14780428,Nemunas,Nev?žis,Linkava,HM,,1,FALSE,7/27/2015,27,7,2015,27.7.2015,47.94723129,0.39,0.11,0.9,8.1,20.4,8.69,97.095,3.6,41.5,0.041,0.015,0.45,0.506,0.7,0.078,0.096,882,5.2
LTR1038,LTR1038_2015,LTR1038_30.9.2015,55.46640083,24.14780428,Nemunas,Nev?žis,Linkava,HM,,1,FALSE,9/30/2015,30,9,2015,30.9.2015,47.94723129,0.19,0.2,12,7.84,10.1,5.27,46.886,1.2,30.7,0.025,0.021,0.31,0.356,1.2,0.16,0.17,978,6.6
